g:id;g:title;description;g:product_type;g:google_product_category;g:brand;g:custom_label_0;g:custom_label_1;g:custom_label_2;g:custom_label_3;g:custom_label_4
55048535802121;Kuřecí s rýží 400 g | konzerva pro psy;Konzerva pro psy: Kuřecí s rýží. Kuřecí s rýží. Osvědčená kombinace od LOUIE, kterou psi zbožňují. Konzerva 400 g obsahuje 95 % kuřecího masa v pevné složce a 5 % rostlinných složek, vitamínů a minerálů. Žádné konzervanty, žádná zbytečná chemie. Rýže je šetrná k chlupáčovu bříšku a dělá z této porce vyvážené krmivo vhodné pro každý věk i plemeno. Konzervy pro psy mají oproti granulím velmi vysokou chuťovost a přirozeně vysoký obsah vody, takže tělu tvého chlupáče dodají výživu i hydrataci v jednom. Konzervy 400 g jsou ideální volbou pro střední a větší plemena jako vydatné kompletní krmivo na každý den. Vyrobeno s láskou kousek od Brna. *Otevřená konzerva vydrží v lednici až 48 hodin.;dog food;Animals & Pet Supplies > Pet Supplies > Dog Supplies > Dog Food;LOUIE;dog;can;single;under_100;no_discount
55048593080585;Kuřecí s cuketou 400 g | konzerva pro psy;Konzerva pro psy: Kuřecí s cuketou. Kuřecí s cuketou od LOUIE. Jednoduché složení, žádné zbytečnosti a vůně, které tvůj chlupáč neodolá. Konzerva 400 g obsahuje 95 % kuřecího masa v pevné složce a 5 % rostlinných složek, vitamínů a minerálů. Žádné obilniny, žádné konzervanty, žádná chemie. Cuketa je lehce stravitelná, šetrná k chlupáčovu bříšku a přirozeně dodává tělu potřebné živiny a vlákninu. Krmivo pro psy má oproti granulím velmi vysokou chuťovost a přirozeně vysoký obsah vody, takže tělu tvého chlupáče dodá výživu i hydrataci v jednom. Vhodné pro psy každého věku i plemene. Konzervy 400 g jsou ideální volbou pro střední a větší plemena jako vydatné kompletní krmivo na každý den. Vyrobeno s láskou kousek od Brna. *Otevřená konzerva vydrží v lednici až 48 hodin.;dog food;Animals & Pet Supplies > Pet Supplies > Dog Supplies > Dog Food;LOUIE;dog;can;single;under_100;no_discount
55048594227465;Víčko na konzervy 100, 200 a 400 g;Praktické příslušenství ke krmivu: Víčko na konzervy 100, 200 a. Máš otevřenou konzervu a chlupáč nesnědl vše najednou? Víčko na konzervy ti vyřeší tento drobný problém jednou pro vždy. Vhodné pro 100, 200 a 400 g, snadno se nasadí a krmivo zůstane čerstvé až do dalšího krmení. Praktický pomocník, který bys měl mít doma, pokud krmíš svého chlupáče konzervami LOUIE. Malá věc, která ti ušetří starosti a chlupáčovi zachová chuť do poslední lžičky.;pet accessory;Animals & Pet Supplies > Pet Supplies;LOUIE;universal;accessory;single;under_100;no_discount
55048597209353;Víčko na konzervy 800 a 1200 g;Praktické příslušenství ke krmivu: Víčko na konzervy 800 a. Máš otevřenou velkou konzervu a chlupáč nesnědl vše najednou? Víčko na konzervy ti vyřeší tento drobný problém jednou pro vždy. Vhodné pro 800 a 1200 g, snadno se nasadí a krmivo zůstane čerstvé až do dalšího krmení. Praktický pomocník, kterého bys měl mít doma, pokud krmíš svého chlupáče většími konzervami LOUIE. Malá věc, která ti ušetří starosti a chlupáčovi zachová chuť do poslední lžičky.;pet accessory;Animals & Pet Supplies > Pet Supplies;LOUIE;universal;accessory;single;under_100;no_discount
55048690237705;Krůtí s brusinkami a pastinákem 400 g | konzerva pro psy;Konzerva pro psy: Krůtí s brusinkami a pastinákem. Krůtí maso, brusinky a pastinák. Konzerva LOUIE 400 g obsahuje 95 % krůtího masa v pevné složce a 5 % rostlinných složek, vitamínů, minerálů a prebiotik. Žádné obilniny, žádné konzervanty, žádná zbytečná chemie. Brusinky přispívají k ochraně buněk, podporují zdravý imunitní systém a napomáhají udržení zdravé močové soustavy. Pastinák přirozeně zlepšuje chuť k jídlu a má jemné antibakteriální vlastnosti. Prebiotika ve formě mannanoligosacharidů MOS a fruktooligosacharidů FOS posilují střevní mikroflóru a vláknina přispívá ke správné funkci trávicího i imunitního systému. Krmivo pro psy má oproti granulím velmi vysokou chuťovost a přirozeně vysoký obsah vody, takže tělu tvého chlupáče dodá výživu i hydrataci v jednom. Konzervy 400 g jsou ideální volbou pro střední a větší plemena jako vydatné kompletní krmivo na každý den. Vyrobeno s láskou kousek od Brna. *Otevřená konzerva vydrží v lednici až 48 hodin.;dog food;Animals & Pet Supplies > Pet Supplies > Dog Supplies > Dog Food;LOUIE;dog;can;single;under_100;no_discount
55048695677193;Kuřecí kapsička s cuketou 300 g | kapsička pro psy;Kapsička pro psy: Kuřecí kapsička s cuketou. Kuřecí maso zná každý pes a u LOUIE ho najdeš i v praktické kapsičce. Každá obsahuje 95 % kuřecího masa v pevné složce a 5 % rostlinných složek, vitamínů a minerálů. Žádné obilniny, žádné konzervanty, žádná zbytečná chemie. Cuketa je lehce stravitelná, šetrná k chlupáčovu bříšku a přirozeně dodává tělu potřebné živiny a vlákninu. Kapsičky pro psy mají oproti granulím velmi vysokou chuťovost a přirozeně vysoký obsah vody, takže tělu tvého chlupáče dodají výživu i hydrataci v jednom. Velikost 300 g se snadno vejde do batohu a je skvělou volbou jako praktický společník na cesty nebo jako každodenní krmivo pro střední a velká plemena. Vyrobeno s láskou kousek od Brna.;dog food;Animals & Pet Supplies > Pet Supplies > Dog Supplies > Dog Food;LOUIE;dog;pouch;single;under_100;no_discount
55048700723465;Rybí kapsička s řasami 150 g | kapsička pro psy;Kapsička pro psy: Rybí kapsička s řasami. Ryba a řasy v té nejpraktičtější velikosti od LOUIE. Každá kapsička 150 g obsahuje 95 % rybího masa v pevné složce a 5 % rostlinných složek, vitamínů a minerálů. Žádné obilniny, žádné konzervanty, žádná zbytečná chemie. Řasy spirulina slouží jako přirozený doplněk podporující peristaltiku střev a dodávají tělu důležité živiny a minerály. Kapsičky pro psy mají oproti granulím velmi vysokou chuťovost a přirozeně vysoký obsah vody, takže tělu tvého chlupáče dodají výživu i hydrataci v jednom. Velikost 150 g je ideální volbou pro malá plemena jako kompletní krmivo na každý den nebo jako perfektní společník na cesty, kam se vejde do každého batohu. Vyrobeno s láskou kousek od Brna.;dog food;Animals & Pet Supplies > Pet Supplies > Dog Supplies > Dog Food;LOUIE;dog;pouch;single;under_100;no_discount
55048701477129;Rybí kapsička s řasami 300 g | kapsička pro psy;Kapsička pro psy: Rybí kapsička s řasami. Ryba a řasy. Kombinace, která funguje přesně tak, jak příroda zamýšlela, a v LOUIE ji najdeš i v praktické kapsičce. Každá obsahuje 95 % rybího masa v pevné složce a 5 % rostlinných složek, vitamínů a minerálů. Žádné obilniny, žádné konzervanty, žádná zbytečná chemie. Řasy spirulina slouží jako přirozený doplněk podporující peristaltiku střev a dodávají tělu důležité živiny a minerály. Kapsičky pro psy mají oproti granulím velmi vysokou chuťovost a přirozeně vysoký obsah vody, takže tělu tvého chlupáče dodají výživu i hydrataci v jednom. Velikost 300 g se snadno vejde do batohu a je skvělou volbou jako praktický společník na cesty nebo jako každodenní krmivo pro střední a velká plemena. Vyrobeno s láskou kousek od Brna.;dog food;Animals & Pet Supplies > Pet Supplies > Dog Supplies > Dog Food;LOUIE;dog;pouch;single;under_100;no_discount
55057361961225;Hovězí vývar 400 g | vývar pro psy;Vývar pro psy: Hovězí vývar. Patří tvůj chlupáč mezi náročnější strávníky? Hovězí vývar od LOUIE ho přesvědčí i ve dnech, kdy na jídlo zrovna nemá chuť. Konzerva 400 g čistého hovězího vývaru, výživný doplněk stravy, který podpoří zdraví tvého chlupáče a probudí jeho chuť k jídlu. Vývar přirozeně zvyšuje příjem tekutin, takže se tvůj pejsek nebo kočička nejen nají, ale zároveň se pořádně napije. Hodí se jako zpestření každodenního krmení, skvělá pomůcka při přechodu z granulí na krmivo nebo jako osvěžující pochoutka v horkých letních dnech. Žádné konzervanty, žádná zbytečná chemie, jen čistá síla přírody v jedné misce. Vyrobeno s láskou kousek od Brna.;dog food;Animals & Pet Supplies > Pet Supplies > Dog Supplies > Dog Food;LOUIE;dog;broth;single;under_100;discount_1_49
55094682878217;Kuřecí s rýží | 16 ks | 400 g | balíček pro psy;Balíček pro psy: Kuřecí s rýží. Kuřecí s rýží ve výhodném balení 16 ks od LOUIE je sázka na jistotu pro všechny chlupáče, kteří milují poctivé maso a jednoduché složení. Každá konzerva o hmotnosti 400g obsahuje 95 % kuřecího masa v pevné složce a 5 % rostlinných složek, vitamínů a minerálů. Bez zbytečných konzervantů, dochucovadel a chemie. Rýže je dobře stravitelným zdrojem energie a společně s vysokým podílem masa tvoří kompletní krmivo pro psy všech plemen i věkových kategorií. Díky velkému obsahu vody jsou konzervy přirozeně chutné a zároveň pomohou tvému chlupáčovi doplňovat tekutiny, které psi často nepřijímají v dostatečném množství z běžného suchého krmiva. Výhodné balení 16 konzerv oceníš zejména v případě, že máš doma středního nebo většího pejska, případně více chlupáčů. Kvalitní české krmivo vyrobené s láskou kousek od Brna. *Otevřená konzerva vydrží v lednici až 48 hodin.;dog food;Animals & Pet Supplies > Pet Supplies > Dog Supplies > Dog Food;LOUIE;dog;bundle;multipack;500_plus;discount_1_49
55094697427209;Kuřecí s rýží | 8 ks | 400 g | balíček pro psy;Balíček pro psy: Kuřecí s rýží. Kuřecí s rýží. Osvědčená kombinace v LOUIE, kterou psi zbožňují. Každá z osmi konzerv po 400g obsahuje 95 % kuřecího masa v pevné složce a 5 % rostlinných složek, vitamínů a minerálů. Žádné konzervanty, žádná zbytečná chemie. Rýže je šetrná k chlupáčovu bříšku a dělá z každé porce vyvážené krmivo pro všechny věkové kategorie i plemena. Konzervy pro psy mají oproti granulím velmi vysokou chuťovost a přirozeně vysoký obsah vody, takže tělu tvého chlupáče dodají výživu i hydrataci v jednom. Konzervy 400g jsou ideální volbou pro střední a větší plemena jako vydatné kompletní krmivo na každý den. Vyrobeno s láskou kousek od Brna. *Otevřená konzerva vydrží v lednici až 48 hodin.;dog food;Animals & Pet Supplies > Pet Supplies > Dog Supplies > Dog Food;LOUIE;dog;bundle;multipack;500_plus;discount_1_49
55094795632905;Kuřecí s cuketou | 16 ks | 400 g | balíček pro psy;Balíček pro psy: Kuřecí s cuketou. Kuřecí s cuketou od LOUIE. Jednoduché složení, žádné zbytečnosti a zásoby vyřešené na delší dobu dopředu. Šestnáct konzerv po 400g, každá obsahuje 95 % kuřecího masa v pevné složce a 5 % rostlinných složek, vitamínů a minerálů. Žádné konzervanty, žádná zbytečná chemie. Cuketa je lehce stravitelná, šetrná k chlupáčovu bříšku a přirozeně dodává tělu potřebné živiny a vlákninu. Krmivo pro psy má oproti granulím velmi vysokou chuťovost a přirozeně vysoký obsah vody, takže tělu tvého chlupáče dodá výživu i hydrataci v jednom. Vhodné pro psy každého věku i plemene. Konzervy 400g jsou ideální volbou pro střední a větší plemena jako vydatné kompletní krmivo na každý den. Tvůj chlupáč dostane to, co má rád, a ty máš klid, protože máš zásoby. Vyrobeno s láskou kousek od Brna. *Otevřená konzerva vydrží v lednici až 48 hodin.;dog food;Animals & Pet Supplies > Pet Supplies > Dog Supplies > Dog Food;LOUIE;dog;bundle;multipack;500_plus;discount_1_49
55094800417033;Kuřecí kapsičky s cuketou | 12 ks | 300 g | balíček pro psy;Balíček pro psy: Kuřecí kapsičky s cuketou. Kuřecí maso s cuketou si tvůj chlupáč oblíbil? Tak ať mu brzo nedojdou zásoby. Dvanáct kapsiček LOUIE po 300 g, každá obsahuje 95 % kuřecího masa v pevné složce a 5 % rostlinných složek, vitamínů a minerálů. Žádné obilniny, žádné konzervanty, žádná zbytečná chemie. Cuketa je lehce stravitelná, šetrná k chlupáčovu bříšku a přirozeně dodává tělu potřebné živiny a vlákninu. Kapsičky pro psy mají oproti granulím velmi vysokou chuťovost a přirozeně vysoký obsah vody, takže tělu tvého chlupáče dodají výživu i hydrataci v jednom. Velikost 300 g se snadno vejdou do batohu a jsou skvělou volbou jako praktický společník na cesty nebo jako každodenní krmivo pro střední a velká plemena. Vyrobeno s láskou kousek od Brna.;dog food;Animals & Pet Supplies > Pet Supplies > Dog Supplies > Dog Food;LOUIE;dog;bundle;multipack;500_plus;discount_1_49
55094803693833;Kuřecí s cuketou | 8 ks | 400 g | balíček pro psy;Balíček pro psy: Kuřecí s cuketou. Kuřecí s cuketou od LOUIE. Jednoduché složení, žádné zbytečnosti a vůně, které tvůj chlupáč neodolá. Každá z osmi konzerv po 400g obsahuje 95 % kuřecího masa v pevné složce a 5 % rostlinných složek, vitamínů a minerálů. Žádné konzervanty, žádná zbytečná chemie. Cuketa je lehce stravitelná, šetrná k chlupáčovu bříšku a přirozeně dodává tělu potřebné živiny a vlákninu. Krmivo pro psy má oproti granulím velmi vysokou chuťovost a přirozeně vysoký obsah vody, takže tělu tvého chlupáče dodá výživu i hydrataci v jednom. Vhodné pro psy každého věku i plemene. Konzervy 400g jsou ideální volbou pro střední a větší plemena jako vydatné kompletní krmivo na každý den. Vyrobeno s láskou kousek od Brna. *Otevřená konzerva vydrží v lednici až 48 hodin.;dog food;Animals & Pet Supplies > Pet Supplies > Dog Supplies > Dog Food;LOUIE;dog;bundle;multipack;500_plus;discount_1_49
55095040278793;Krůtí s brusinkami a pastinákem | 8 ks | 400 g | balíček pro psy;Balíček pro psy: Krůtí s brusinkami a pastinákem. Krůtí maso, brusinky a pastinák. Každá z osmi konzerv LOUIE po 400g obsahuje 95 % krůtího masa v pevné složce a 5 % rostlinných složek, vitamínů, minerálů a prebiotik. Žádné obilniny, žádné konzervanty, žádná zbytečná chemie. Brusinky přispívají k ochraně buněk, podporují zdravý imunitní systém a napomáhají udržení zdravé močové soustavy. Pastinák přirozeně zlepšuje chuť k jídlu a má jemné antibakteriální vlastnosti. Prebiotika ve formě mannanoligosacharidů MOS a fruktooligosacharidů FOS posilují střevní mikroflóru a vláknina přispívá ke správné funkci trávicího i imunitního systému. Krmivo pro psy má oproti granulím velmi vysokou chuťovost a přirozeně vysoký obsah vody, takže tělu tvého chlupáče dodá výživu i hydrataci v jednom. Konzervy 400g jsou ideální volbou pro střední a větší plemena jako vydatné kompletní krmivo na každý den. Tvůj chlupáč bude mít v bříšku jako v pokojíčku. Vyrobeno s láskou kousek od Brna. *Otevřená konzerva vydrží v lednici až 48 hodin.;dog food;Animals & Pet Supplies > Pet Supplies > Dog Supplies > Dog Food;LOUIE;dog;bundle;multipack;500_plus;discount_1_49
55095036641545;Krůtí s brusinkami a pastinákem | 16 ks | 400 g | balíček pro psy;Balíček pro psy: Krůtí s brusinkami a pastinákem. Když tvůj chlupáč najde krmivo, které miluje, není důvod hledat dál. Šestnáct konzerv LOUIE po 400g s krůtím, brusinkami a pastinákem. Zásoby, které ti na nějakou dobu vydrží. Každá konzerva obsahuje 95 % krůtího masa v pevné složce a 5 % rostlinných složek, vitamínů, minerálů a prebiotik. Žádné obilniny, žádné konzervanty, žádná zbytečná chemie. Brusinky přispívají k ochraně buněk, podporují zdravý imunitní systém a napomáhají udržení zdravé močové soustavy. Pastinák přirozeně zlepšuje chuť k jídlu a má jemné antibakteriální vlastnosti. Prebiotika ve formě mannanoligosacharidů MOS a fruktooligosacharidů FOS posilují střevní mikroflóru a vláknina přispívá ke správné funkci trávicího i imunitního systému. Konzervy 400g jsou ideální volbou pro střední a větší plemena jako vydatné kompletní krmivo na každý den. Tvůj chlupáč dostane to, co má rád, a ty máš klid, že zásoby jen tak nezmizí. Vyrobeno s láskou kousek od Brna. *Otevřená konzerva vydrží v lednici až 48 hodin.;dog food;Animals & Pet Supplies > Pet Supplies > Dog Supplies > Dog Food;LOUIE;dog;bundle;multipack;500_plus;discount_1_49
55097558860041;Rybí kapsičky s řasami | 12 ks | 300 g | balíček pro psy;Balíček pro psy: Rybí kapsičky s řasami. Ryba a řasy. Kombinace, kterou si tvůj chlupáč oblíbí a ty budeš mít zásoby vyřešené na delší dobu dopředu. Dvanáct kapsiček LOUIE po 300 g, každá obsahuje 95 % rybího masa v pevné složce a 5 % rostlinných složek, vitamínů a minerálů. Žádné obilniny, žádné konzervanty, žádná zbytečná chemie. Řasy spirulina slouží jako přirozený doplněk podporující peristaltiku střev a dodávají tělu důležité živiny a minerály. Kapsičky pro psy mají oproti granulím velmi vysokou chuťovost a přirozeně vysoký obsah vody, takže tělu tvého chlupáče dodají výživu i hydrataci v jednom. Velikost 300 g se snadno vejdou do batohu a jsou skvělou volbou jako praktický společník na cesty nebo jako každodenní krmivo pro střední a velká plemena. Vyrobeno s láskou kousek od Brna.;dog food;Animals & Pet Supplies > Pet Supplies > Dog Supplies > Dog Food;LOUIE;dog;bundle;multipack;500_plus;discount_1_49
55097555288329;Rybí kapsičky s řasami | 10 ks | 150 g | balíček pro psy;Balíček pro psy: Rybí kapsičky s řasami. Ryba a řasy v té nejpraktičtější velikosti. Deset kapsiček LOUIE po 150 g a zásoby vyřešené na delší dobu dopředu. Každá kapsička obsahuje 95 % rybího masa v pevné složce a 5 % rostlinných složek, vitamínů a minerálů. Žádné obilniny, žádné konzervanty, žádná zbytečná chemie. Řasy spirulina slouží jako přirozený doplněk podporující peristaltiku střev a dodávají tělu důležité živiny a minerály. Kapsičky pro psy mají oproti granulím velmi vysokou chuťovost a přirozeně vysoký obsah vody, takže tělu tvého chlupáče dodají výživu i hydrataci v jednom. Velikost 150 g je ideální volbou pro malá plemena jako kompletní krmivo na každý den nebo jako perfektní společník na cesty, kdy se vejde do každého batohu. Vyrobeno s láskou kousek od Brna.;dog food;Animals & Pet Supplies > Pet Supplies > Dog Supplies > Dog Food;LOUIE;dog;bundle;multipack;100_499;discount_1_49
55529276080393;Kuřecí vývar 400 g | vývar pro psy;Vývar pro psy: Kuřecí vývar. Máš doma vybíravého jedlíka? Kuřecí vývar od LOUIE ho přesvědčí i ve dnech, kdy na jídlo zrovna nemá chuť. Konzerva 400 g čistého kuřecího vývaru, výživný doplněk stravy, který podpoří zdraví tvého chlupáče a probudí jeho chuť k jídlu. Vývar přirozeně zvyšuje příjem tekutin, takže se tvůj pejsek nebo kočička nejen nají, ale zároveň se pořádně napije. Hodí se jako zpestření každodenního krmení, skvělá pomůcka při přechodu z granulí na krmivo nebo jako osvěžující pochoutka v horkých letních dnech. Žádné konzervanty, žádná zbytečná chemie, jen čistá síla přírody v jedné misce. Vyrobeno s láskou kousek od Brna.;dog food;Animals & Pet Supplies > Pet Supplies > Dog Supplies > Dog Food;LOUIE;dog;broth;single;under_100;discount_1_49
55048597864713;Jehněčí s krůtím a jablkem 400 g | konzerva pro psy;Konzerva pro psy: Jehněčí s krůtím a jablkem. Jehněčí s krůtím a jablkem od LOUIE. Jemná kombinace masa, která psům chutná a bříšku udělá dobře. Konzerva 400 g obsahuje 95 % masa v pevné složce, konkrétně krůtí a jehněčí maso, a 5 % rostlinných složek, vitamínů a minerálů. Žádné obilniny, žádné konzervanty, žádná zbytečná chemie. Jablko přirozeně podporuje zažívání a spolu s prebiotiky pomáhá udržet chlupáčova střeva v kondici. Krmivo pro psy má oproti granulím velmi vysokou chuťovost a přirozeně vysoký obsah vody, takže tělu tvého chlupáče dodá výživu i hydrataci v jednom. Vhodné pro psy každého věku i plemene. Konzervy 400 g jsou ideální volbou pro střední a větší plemena jako vydatné kompletní krmivo na každý den. Vyrobeno s láskou kousek od Brna. *Otevřená konzerva vydrží v lednici až 48 hodin.;dog food;Animals & Pet Supplies > Pet Supplies > Dog Supplies > Dog Food;LOUIE;dog;can;single;under_100;no_discount
55097682034953;Jehněčí s krůtím a jablkem | 8 ks | 400 g | balíček pro psy;Balíček pro psy: Jehněčí s krůtím a jablkem. Jehněčí s krůtím a jablkem od LOUIE. Jemná kombinace masa, která psům chutná a bříšku udělá dobře. Každá z osmi konzerv po 400g obsahuje 95 % masa v pevné složce, konkrétně krůtí a jehněčí maso, a 5 % rostlinných složek, vitamínů a minerálů. Žádné obilniny, žádné konzervanty, žádná zbytečná chemie. Jablko přirozeně podporuje trávení a spolu s prebiotiky pomáhá udržet chlupáčova střeva v kondici. Krmivo pro psy má oproti granulím velmi vysokou chuťovost a přirozeně vysoký obsah vody, takže tělu tvého chlupáče dodá výživu i hydrataci v jednom. Vhodné pro psy každého věku i plemene. Konzervy 400g jsou ideální volbou pro střední a větší plemena jako vydatné kompletní krmivo na každý den. Vyrobeno s láskou kousek od Brna. *Otevřená konzerva vydrží v lednici až 48 hodin.;dog food;Animals & Pet Supplies > Pet Supplies > Dog Supplies > Dog Food;LOUIE;dog;bundle;multipack;500_plus;discount_1_49
55048483209481;Psí konzerva do útulku 400 g - LOUIE pomáhá útulkům | konzerva pro psy;Konzerva pro psy: Psí konzerva do útulku 400 g - LOUIE pomáhá útulkům. V LOUIE věříme, že by všichni chlupáči měli mít plné bříško. Koupí této 400g konzervy dopřeješ některému z chlupáčů v útulku plnou misku. O doručení těchto konzerv přímo do útulku se postaráme my - a neboj, všechny pejsky za tebe i pořádně podrbeme.;dog food;Animals & Pet Supplies > Pet Supplies > Dog Supplies > Dog Food;LOUIE;dog;can;single;under_100;no_discount
56005126258953;Játrovka s prebiotiky 200 g | konzerva pro kočky;Konzerva pro kočky: Játrovka s prebiotiky. Hledáš krmivo, které tvoje kočka skutečně sní? Játra jsou vždy správná volba. Konzerva LOUIE 200 g s jemnou mousse konzistencí obsahuje 100 % masa v pevné složce. Složení je jednoduché: hovězí a vepřová játra, vývar, prebiotika, minerály a vitamíny. Žádné obilniny, žádné konzervanty, žádná zbytečná chemie. Prebiotika ve formě mannanoligosacharidů MOS a fruktooligosacharidů FOS posilují střevní mikroflóru tvé kočky a přispívají ke správné funkci trávicího systému. Nechybí ani taurin, nezbytný pro zdravé srdce a bystrý zrak, který si kočky na rozdíl od psů nedokážou samy vyrobit. Vhodné pro každý věk i plemeno. Vyrobeno s láskou kousek od Brna. *Otevřená konzerva vydrží v lednici až 48 hodin.;cat food;Animals & Pet Supplies > Pet Supplies > Cat Supplies > Cat Food;LOUIE;cat;can;single;under_100;discount_1_49
56005126390025;Játrovka s prebiotiky 400 g | konzerva pro kočky;Konzerva pro kočky: Játrovka s prebiotiky. Hledáš krmivo, které tvoje kočka skutečně sní? Játra jsou vždy správná volba. Konzerva LOUIE 400 g s jemnou mousse konzistencí obsahuje 100 % masa v pevné složce. Složení je jednoduché: hovězí a vepřová játra, vývar, prebiotika, minerály a vitamíny. Žádné obilniny, žádné konzervanty, žádná zbytečná chemie. Prebiotika ve formě mannanoligosacharidů MOS a fruktooligosacharidů FOS posilují střevní mikroflóru tvé kočky a přispívají ke správné funkci trávicího systému. Nechybí ani taurin, nezbytný pro zdravé srdce a bystrý zrak, který si kočky na rozdíl od psů nedokážou samy vyrobit. Vhodné pro každý věk i plemeno. Vyrobeno s láskou kousek od Brna. *Otevřená konzerva vydrží v lednici až 48 hodin.;cat food;Animals & Pet Supplies > Pet Supplies > Cat Supplies > Cat Food;LOUIE;cat;can;single;under_100;discount_1_49
56005210603785;Játrovka s prebiotiky | 8 ks | 200 g | balíček pro kočky;Balíček pro kočky: Játrovka s prebiotiky. Játra jsou u koček naprostý hit. A my tomu naprosto rozumíme. Osm konzerv LOUIE po 200 g s jemnou mousse konzistencí, kdy každá obsahuje 100 % masa v pevné složce. Hovězí a vepřová játra, vývar, prebiotika, minerály a vitamíny. Žádné obilniny, žádné konzervanty, žádná zbytečná chemie. Prebiotika ve formě mannanoligosacharidů MOS a fruktooligosacharidů FOS posilují střevní mikroflóru tvé kočky a přispívají ke správné funkci zažívacího systému. Nechybí ani taurin, nezbytný pro zdravé srdce a bystrý zrak, který si kočky na rozdíl od psů nedokážou samy vyrobit. Vhodné pro každý věk i plemeno. Vyrobeno s láskou kousek od Brna. *Otevřená konzerva vydrží v lednici až 48 hodin.;cat food;Animals & Pet Supplies > Pet Supplies > Cat Supplies > Cat Food;LOUIE;cat;bundle;multipack;100_499;discount_50_plus
56005216567561;Játrovka s prebiotiky | 8 ks | 400 g | balíček pro kočky;Balíček pro kočky: Játrovka s prebiotiky. Hledáš krmivo, které tvoje kočka skutečně sní? Játra jsou téměř vždy správná odpověď. Osm konzerv LOUIE po 400 g s jemnou mousse konzistencí, kdy každá obsahuje 100 % masa v pevné složce. Složení je jednoduché: hovězí a vepřová játra, vývar, prebiotika, minerály a vitamíny. Žádné obilniny, žádné konzervanty, žádná zbytečná chemie. Prebiotika ve formě mannanoligosacharidů MOS a fruktooligosacharidů FOS posilují střevní mikroflóru tvé kočky a přispívají ke správné funkci trávicího systému. Nechybí ani taurin, nezbytný pro zdravé srdce a bystrý zrak, který si kočky na rozdíl od psů nedokážou samy vyrobit. Vhodné pro každý věk i plemeno. Vyrobeno s láskou kousek od Brna. *Otevřená konzerva vydrží v lednici až 48 hodin.;cat food;Animals & Pet Supplies > Pet Supplies > Cat Supplies > Cat Food;LOUIE;cat;bundle;multipack;500_plus;discount_50_plus
56274855166217;Jehněčí s krůtím a jablkem 200 g | konzerva pro psy;Konzerva pro psy: Jehněčí s krůtím a jablkem. Jehněčí s krůtím a jablkem od LOUIE. Jemná kombinace masa, která psům chutná a bříšku udělá dobře. Konzerva 200 g obsahuje 95 % masa v pevné složce, konkrétně krůtí a jehněčí maso, a 5 % rostlinných složek, vitamínů a minerálů. Žádné obilniny, žádné konzervanty, žádná zbytečná chemie. Jablko přirozeně podporuje zažívání a spolu s prebiotiky pomáhá udržet chlupáčova střeva v kondici. Krmivo pro psy má oproti granulím velmi vysokou chuťovost a přirozeně vysoký obsah vody, takže tělu tvého chlupáče dodá výživu i hydrataci v jednom. Vhodné pro psy každého věku i plemene. Konzervy 200 g jsou ideální volbou pro malá a střední plemena jako kompletní krmivo na každý den nebo jako praktický společník na cesty. Vyrobeno s láskou kousek od Brna. *Otevřená konzerva vydrží v lednici až 48 hodin.;dog food;Animals & Pet Supplies > Pet Supplies > Dog Supplies > Dog Food;LOUIE;dog;can;single;under_100;no_discount
56285685776649;Jehněčí s krůtím a jablkem | 8 ks | 200 g | balíček pro psy;Balíček pro psy: Jehněčí s krůtím a jablkem. Hledáš krmivo pro psy, které kombinuje jemné maso s přirozenou podporou zažívání? Jehněčí s krůtím a jablkem od LOUIE je přesně to, co hledáš. Osm konzerv po 200g, každá obsahuje 95 % masa v pevné složce, konkrétně krůtí a jehněčí maso, doplněné o jablka, minerály, vitamíny a prebiotika pro zdravou střevní mikroflóru. Jablko přirozeně podporuje zažívání a spolu s prebiotiky pomáhá udržet chlupáčova střeva v kondici. Krmivo pro psy je přirozeně lépe stravitelné než granule a zároveň přirozeně zvyšuje příjem tekutin, takže bříško dostane péči, kterou potřebuje. Žádné obilniny, žádné konzervanty, žádná zbytečná chemie. Konzervy 200g jsou ideální volbou pro malá a střední plemena nebo jako praktický společník na cesty. Vyrobeno s láskou kousek od Brna. *Otevřená konzerva vydrží v lednici až 48 hodin.;dog food;Animals & Pet Supplies > Pet Supplies > Dog Supplies > Dog Food;LOUIE;dog;bundle;multipack;100_499;discount_1_49
56663851565321;Sušené kuřecí pařátky 100 g | pamlsek pro psy;Pamlsek pro psy: Sušené kuřecí pařátky. Sušené kuřecí pařátky. Pamlsek, který tvého chlupáče zabaví a žvýkací svaly mu poděkují. Složení je jednoduché, 100 % sušené kuřecí pařátky, nic víc, nic míň. Žádná chemie, žádné konzervanty, žádná zbytečnost. Tento přírodní pamlsek je vhodný pro psy všech plemen s normální aktivitou. Slouží jako odměna nebo zpestření dne, nikoliv jako náhrada běžného krmiva. Žvýkání navíc přirozeně podporuje zdraví dásní a posiluje žvýkací svaly. Vyrobeno s láskou kousek od Brna, tak jako všechno v LOUIE.;dog treats;Animals & Pet Supplies > Pet Supplies > Dog Supplies > Dog Food;LOUIE;dog;treat;single;under_100;no_discount
56663901241609;Sušené hovězí dršťky | 100 g | pamlsek pro psy;Pamlsek pro psy: Sušené hovězí dršťky. Sušené hovězí dršťky. Pamlsek, který tvého chlupáče zabaví na dlouho a žvýkací svaly mu poděkují. Složení je jednoduché, 100 % sušené hovězí dršťky, nic víc, nic míň. Žádná chemie, žádné konzervanty, žádná zbytečnost. Tento přírodní pamlsek je vhodný pro psy všech plemen s normální aktivitou. Slouží jako odměna nebo zpestření dne, nikoliv jako náhrada běžného krmiva. Žvýkání navíc přirozeně podporuje zdraví dásní a posiluje žvýkací svaly. Vyrobeno s láskou kousek od Brna, tak jako všechno v LOUIE.;dog treats;Animals & Pet Supplies > Pet Supplies > Dog Supplies > Dog Food;LOUIE;dog;treat;single;under_100;no_discount
56663906451721;Sušené vepřové kůže | 100 g | pamlsek pro psy;Pamlsek pro psy: Sušené vepřové kůže. Sušená vepřová kůže. Pamlsek, který tvého chlupáče zabaví na dlouho a žvýkací svaly mu poděkují. Složení je jednoduché, 100 % sušená vepřová kůže, nic víc, nic míň. Žádná chemie, žádné konzervanty, žádná zbytečnost. Tento přírodní pamlsek je vhodný pro psy všech plemen s normální aktivitou. Slouží jako odměna nebo zpestření dne, nikoliv jako náhrada běžného krmiva. Žvýkání navíc přirozeně podporuje zdraví dásní a posiluje žvýkací svaly. Vyrobeno s láskou kousek od Brna, tak jako všechno v LOUIE.;dog treats;Animals & Pet Supplies > Pet Supplies > Dog Supplies > Dog Food;LOUIE;dog;treat;single;under_100;no_discount
56679701348617;Šampon pro psy speciál 250 ml;Péče pro psy: Šampon pro psy speciál. Klíšťata a parazité nejsou nic, co bys chtěl se svým chlupáčem řešit donekonečna. Šampon pro psy speciál napomáhá snižovat parazitární zátěž a zároveň regeneruje kožní ochranný film tvého pejska. Obsahuje unikátní betainové tenzidy, které srst dokonale vyčistí, aniž by ji vysušovaly nebo dráždily pokožku. Díky optimální pěnivosti má šampon vynikající mycí účinek a zároveň se snadno a rychle vymývá ze srsti. Srsti dodá hebkost a lesk a je vhodný pro psy každého věku i plemene. Ideální volba, pokud chceš svého chlupáče chránit a zároveň mu dopřát péči, kterou si zaslouží. Šampon je koncentrát, který se ředí v poměru 1:4, díky čemuž je velmi úsporný a vydrží na dlouho. Vyrobeno s láskou kousek od Brna, tak jako všechno v LOUIE.;dog grooming;Animals & Pet Supplies > Pet Supplies > Dog Supplies;LOUIE;dog;grooming;single;100_499;discount_1_49
56679742505225;Šampon pro dlouhosrsté psy 250 ml;Péče pro psy: Šampon pro dlouhosrsté psy. Dlouhá srst potřebuje speciální péči, aby se nezacuchala a zůstala krásně hebká. Šampon pro dlouhosrsté psy od LOUIE byl vyvinut s důrazem na šetrnou, ale účinnou péči o srst a citlivou pokožku. Obsahuje unikátní betainové tenzidy, které srst dokonale vyčistí, aniž by ji vysušovaly, dráždily pokožku nebo poškozovaly její strukturu. Díky optimální pěnivosti má šampon vynikající mycí účinek a zároveň se snadno a rychle vymývá ze srsti, takže je ideální i pro časté koupání. Obsahuje panthenol pro zklidnění jemné a citlivé kůže. Vhodný pro psy každého věku i plemene, ideální pro dlouhosrsté chlupáče, kterým dlouhá srst dělá zacuchané starosti. Šampon je koncentrát, který se ředí v poměru 1:4, díky čemuž je velmi úsporný a vydrží na dlouho. Vyrobeno s láskou kousek od Brna, tak jako všechno v LOUIE.;dog grooming;Animals & Pet Supplies > Pet Supplies > Dog Supplies;LOUIE;dog;grooming;single;100_499;discount_1_49
56679745880329;Královský šampon pro psy 250 ml;Péče pro psy: Královský šampon pro psy. Tvůj chlupáč si zaslouží koupel, po které bude vonět a zářit. Královský šampon od LOUIE byl vyvinut s důrazem na šetrnou, ale účinnou péči o srst a pokožku psa. Obsahuje unikátní betainové tenzidy, které srst dokonale vyčistí, aniž by ji vysušovaly, dráždily pokožku nebo poškozovaly její strukturu. Díky optimální pěnivosti má šampon vynikající mycí účinek a zároveň se snadno a rychle vymývá ze srsti, takže je ideální i pro časté koupání. Navíc obsahuje panthenol a vitamin E pro zdravou pokožku a funguje jako přírodní repelent proti klíšťatům. Vhodný pro psy každého věku i plemene. Šampon je koncentrát, který se ředí v poměru 1:4, díky čemuž je velmi úsporný a vydrží na dlouho. Vyrobeno s láskou kousek od Brna, tak jako všechno v LOUIE.;dog grooming;Animals & Pet Supplies > Pet Supplies > Dog Supplies;LOUIE;dog;grooming;single;100_499;discount_1_49
56679750205705;Vitaminový šampon pro štěňata 250 ml;Péče pro psy: Vitaminový šampon pro štěňata. Štěněcí pokožka je extra citlivá a zaslouží si šetrný přístup. Vitaminový šampon pro štěňata od LOUIE je extrémně jemný a šetrný, s veterinárním atestem, takže ho můžeš použít bez obav od prvního koupání. Obsahuje unikátní betainové tenzidy, které srst dokonale vyčistí, aniž by ji vysušovaly nebo dráždily pokožku. Díky optimální pěnivosti má šampon vynikající mycí účinek a zároveň se snadno a rychle vymývá ze srsti. Vitamin E v podobě alfa-tokoferolu pomáhá pečovat o citlivou pokožku štěňátka. Vhodný pro štěňata všech plemen. Šampon je koncentrát, který se ředí v poměru 1:4, díky čemuž je velmi úsporný a vydrží na dlouho. Vyrobeno s láskou kousek od Brna, tak jako všechno v LOUIE.;dog grooming;Animals & Pet Supplies > Pet Supplies > Dog Supplies;LOUIE;dog;grooming;single;100_499;discount_1_49
56679752007945;Šampon pro kočky 250 ml;Péče pro kočky: Šampon pro kočky. Koupání kočiček bývá obvykle velká výzva. Šampon pro kočky od LOUIE byl vyvinut speciálně pro citlivou pokožku, která vyžaduje mimořádně šetrnou péči. Obsahuje jemné betainové tenzidy, které srst účinně vyčistí bez vysušování, podráždění pokožky nebo narušení přirozené ochrany srsti. Díky optimální pěnivosti zajišťuje důkladné umytí a zároveň se velmi snadno vymývá ze srsti, což při koupání koček minimalizuje stres a zkracuje dobu oplachování. Chrání před plstnatěním a zvyšuje přirozený lesk srsti. Vhodný pro krátkosrsté i dlouhosrsté kočky každého věku i plemene. Šampon je koncentrát, určený k ředění v poměru 1:2, díky čemuž je úsporný a vhodný i pro pravidelnou péči. Vyrobeno s láskou kousek od Brna, tak jako všechno v LOUIE.;cat grooming;Animals & Pet Supplies > Pet Supplies > Cat Supplies;LOUIE;cat;grooming;single;100_499;discount_1_49
57230415200521;Kuřecí vývar | 8 ks | 400 g | balíček pro psy;Balíček pro psy: Kuřecí vývar. Znáš ten pohled, kdy chlupáč sedí u misky a čeká, jestli se tam náhodou neobjeví něco dobrého? S kuřecím vývarem od LOUIE mu radost uděláš vždycky. Osm konzerv čistého kuřecího vývaru po 400g. Nic víc, nic míň. Vývar přirozeně zvyšuje příjem tekutin, takže se tvůj pejsek nebo kočička nejen nají, ale zároveň se pořádně napije. Hodí se jako zpestření každodenního krmení, skvělá pomůcka při přechodu z granulí na krmivo nebo jako osvěžující pochoutka v horkých letních dnech. Žádné konzervanty, žádná zbytečná chemie, jen čistá síla přírody v jedné misce. Vyrobeno s láskou kousek od Brna. *Otevřená konzerva vydrží v lednici až 48 hodin.;dog food;Animals & Pet Supplies > Pet Supplies > Dog Supplies > Dog Food;LOUIE;dog;bundle;multipack;100_499;discount_50_plus
57244972220681;Jehněčí s krůtím a jablkem | 16 ks | 200 g | balíček pro psy;Balíček pro psy: Jehněčí s krůtím a jablkem. Hledáš krmivo pro psy, které kombinuje jemné maso s přirozenou podporou zažívání? Jehněčí s krůtím a jablkem od LOUIE je přesně to, co hledáš. Šestnáct konzerv po 200g, každá obsahuje 95 % masa v pevné složce, konkrétně krůtí a jehněčí maso, doplněné o jablka, minerály, vitamíny a prebiotika pro zdravou střevní mikroflóru. Jablko přirozeně podporuje zažívání a spolu s prebiotiky pomáhá udržet chlupáčova střeva v kondici. Krmivo pro psy je přirozeně lépe stravitelné než granule a zároveň přirozeně zvyšuje příjem tekutin, takže bříško dostane péči, kterou potřebuje. Žádné obilniny, žádné konzervanty, žádná zbytečná chemie. Konzervy 200g jsou ideální volbou pro malá a střední plemena nebo jako praktický společník na cesty. Vyrobeno s láskou kousek od Brna. *Otevřená konzerva vydrží v lednici až 48 hodin.;dog food;Animals & Pet Supplies > Pet Supplies > Dog Supplies > Dog Food;LOUIE;dog;bundle;multipack;500_plus;discount_1_49
57245026615561;Játrovka s prebiotiky | 16 ks | 200 g | balíček pro kočky;Balíček pro kočky: Játrovka s prebiotiky. Játra jsou u koček naprostý hit. A my tomu naprosto rozumíme. Šestnáct konzerv LOUIE po 200 g s jemnou mousse konzistencí, kdy každá obsahuje 100 % masa v pevné složce. Hovězí a vepřová játra, vývar, prebiotika, minerály a vitamíny. Žádné obilniny, žádné konzervanty, žádná zbytečná chemie. Prebiotika ve formě mannanoligosacharidů MOS a fruktooligosacharidů FOS posilují střevní mikroflóru tvé kočky a přispívají ke správné funkci zažívacího systému. Nechybí ani taurin, nezbytný pro zdravé srdce a bystrý zrak, který si kočky na rozdíl od psů nedokážou samy vyrobit. Vhodné pro každý věk i plemeno. Vyrobeno s láskou kousek od Brna. *Otevřená konzerva vydrží v lednici až 48 hodin.;cat food;Animals & Pet Supplies > Pet Supplies > Cat Supplies > Cat Food;LOUIE;cat;bundle;multipack;500_plus;discount_50_plus
55097678004489;Jehněčí s krůtím jablkem | 16 ks | 400 g | balíček pro psy;Balíček pro psy: Jehněčí s krůtím jablkem. Když tvůj chlupáč najde krmivo, které miluje, není důvod hledat dál. Šestnáct konzerv LOUIE po 400g s jehněčím, krůtím a jablkem. Zásoby, které ti na nějakou dobu vydrží. Každá konzerva obsahuje 95 % masa v pevné složce, konkrétně krůtí a jehněčí maso, a 5 % rostlinných složek, vitamínů a minerálů. Žádné obilniny, žádné konzervanty, žádná zbytečná chemie. Jablko přirozeně podporuje trávení a spolu s prebiotiky pomáhá udržet chlupáčova střeva v kondici. Krmivo pro psy má oproti granulím velmi vysokou chuťovost a přirozeně vysoký obsah vody, takže tělu tvého chlupáče dodá výživu i hydrataci v jednom. Vhodné pro psy každého věku i plemene. Konzervy 400g jsou ideální volbou pro střední a větší plemena jako vydatné kompletní krmivo na každý den. Tvůj chlupáč dostane to, co má rád, a ty máš klid, že zásoby jen tak nezmizí. Vyrobeno s láskou kousek od Brna. *Otevřená konzerva vydrží v lednici až 48 hodin.;dog food;Animals & Pet Supplies > Pet Supplies > Dog Supplies > Dog Food;LOUIE;dog;bundle;multipack;500_plus;discount_1_49
55097762447625;Sušené kuřecí pařátky | 4 ks | 100 g | balíček pro psy;Balíček pro psy: Sušené kuřecí pařátky. Sušené kuřecí pařátky. Pamlsek, který tvého chlupáče zabaví a žvýkací svaly mu poděkují. Složení je jednoduché, 100 % sušené kuřecí pařátky, nic víc, nic míň. Žádná chemie, žádné konzervanty, žádná zbytečnost. Tento přírodní pamlsek je vhodný pro psy všech plemen s normální aktivitou. Slouží jako odměna nebo zpestření dne, nikoliv jako náhrada běžného krmiva. Žvýkání navíc přirozeně podporuje zdraví dásní a posiluje žvýkací svaly. Vyrobeno s láskou kousek od Brna, tak jako všechno v LOUIE.;dog food;Animals & Pet Supplies > Pet Supplies > Dog Supplies > Dog Food;LOUIE;dog;bundle;multipack;100_499;discount_1_49
55621062754569;Sušené hovězí dršťky | 4 ks | 100 g | balíček pro psy;Balíček pro psy: Sušené hovězí dršťky. Sušené hovězí dršťky. Pamlsek, který tvého chlupáče zabaví na dlouho a žvýkací svaly mu poděkují. Složení je jednoduché, 100 % sušené hovězí dršťky, nic víc, nic míň. Žádná chemie, žádné konzervanty, žádná zbytečnost. Tento přírodní pamlsek je vhodný pro psy všech plemen s normální aktivitou. Slouží jako odměna nebo zpestření dne, nikoliv jako náhrada běžného krmiva. Žvýkání navíc přirozeně podporuje zdraví dásní a posiluje žvýkací svaly.;dog food;Animals & Pet Supplies > Pet Supplies > Dog Supplies > Dog Food;LOUIE;dog;bundle;multipack;100_499;discount_1_49
57282664005897;TEST - Jehněčí s krůtím, jablkem a prebiotiky 800 g | konzerva pro psy;Konzerva pro psy: TEST - Jehněčí s krůtím, jablkem a prebiotiky. Velký pes si zaslouží pořádnou porci jehněčího s krůtím. Konzerva LOUIE 800 g obsahuje 95 % masa v pevné složce, konkrétně krůtí a jehněčí maso, a 5 % rostlinných složek, vitamínů a minerálů. Žádné obilniny, žádné konzervanty, žádná zbytečná chemie. Jablko přirozeně podporuje zažívání a spolu s prebiotiky pomáhá udržet chlupáčova střeva v kondici. Krmivo pro psy má oproti granulím velmi vysokou chuťovost a přirozeně vysoký obsah vody, takže tělu tvého chlupáče dodá výživu i hydrataci v jednom. Vhodné pro psy každého věku i plemene. Konzervy 800 g jsou ideální volbou pro velká plemena jako vydatné kompletní krmivo na každý den. Méně otvírání, více spokojeného chlupáče. Vyrobeno s láskou kousek od Brna. *Otevřená konzerva vydrží v lednici až 48 hodin.;dog food;Animals & Pet Supplies > Pet Supplies > Dog Supplies > Dog Food;LOUIE;dog;can;single;100_499;no_discount
55048703541513;Krůtí kapsička s lososem a kopřivou 300 g | kapsička pro psy;Kapsička pro psy: Krůtí kapsička s lososem a kopřivou. Krůtí maso s lososem a kopřivou od LOUIE. Kombinace, která tvého chlupáče příjemně překvapí a jeho bříšku udělá dobře. Každá kapsička 300 g obsahuje 95 % masa v pevné složce, konkrétně krůtí maso s lososem, a 5 % rostlinných složek, vitamínů a minerálů. Žádné obilniny, žádné konzervanty, žádná zbytečná chemie. Kopřiva je přirozený bylinkový doplněk, který podporuje správnou funkci střev a přispívá ke zdravému zažívání tvého chlupáče. Kapsičky pro psy mají oproti granulím velmi vysokou chuťovost a přirozeně vysoký obsah vody, takže tělu dodají výživu i hydrataci v jednom. Velikost 300 g se snadno vejde do batohu a je skvělou volbou jako praktický společník na cesty nebo jako každodenní krmivo pro střední a velká plemena. Vyrobeno s láskou kousek od Brna.;dog food;Animals & Pet Supplies > Pet Supplies > Dog Supplies > Dog Food;LOUIE;dog;pouch;single;under_100;no_discount
55095053549833;Krůtí s lososem a kopřivou | 12 ks | 300 g | balíček pro psy;Balíček pro psy: Krůtí s lososem a kopřivou. Krůtí maso s lososem a kopřivou. Kombinace, kterou si tvůj chlupáč oblíbí a ty budeš mít zásoby vyřešené na delší dobu dopředu. Dvanáct kapsiček LOUIE po 300 g, každá obsahuje 95 % masa v pevné složce, konkrétně krůtí maso s lososem, a 5 % rostlinných složek, vitamínů a minerálů. Žádné obilniny, žádné konzervanty, žádná zbytečná chemie. Kopřiva je přirozený bylinkový doplněk, který podporuje správnou funkci střev a přispívá ke zdravému zažívání tvého chlupáče. Kapsičky pro psy mají oproti granulím velmi vysokou chuťovost a přirozeně vysoký obsah vody, takže tělu dodají výživu i hydrataci v jednom. Velikost 300 g se snadno vejdou do batohu a jsou skvělou volbou jako praktický společník na cesty nebo jako každodenní krmivo pro střední a velká plemena. Vyrobeno s láskou kousek od Brna.;dog food;Animals & Pet Supplies > Pet Supplies > Dog Supplies > Dog Food;LOUIE;dog;bundle;multipack;500_plus;discount_1_49
57265887576329;Kožené dlouhé vodítko pro psy | 115cm;Konzerva pro psy: Kožené dlouhé vodítko pro psy. Když chceš mít procházku pevně v rukou, ale zároveň si potrpíš na styl. Kožené vodítko o délce 115 cm. Černá kůže doplněná o elegantní pletený detail působí prémiově a hodí se ke každému obojku nebo postroji. Díky své délce poskytuje pohodlný prostor pro pohyb psa, ale stále si zachovává dobrou kontrolu při každodenních procházkách. Pevná kovová karabina umožňuje snadné a bezpečné připnutí k obojku či postroji.;dog food;Animals & Pet Supplies > Pet Supplies > Dog Supplies > Dog Food;LOUIE;dog;can;single;500_plus;discount_50_plus
57265925882121;"Kožené krátké vodítko ""ručka"" | konzerva pro psy";"Konzerva pro psy: Kožené krátké vodítko ""ručka"". Měj svého parťáka vždycky pěkně po ruce. 🖤 Kožené krátké vodítko „ručka“ je ideální na situace, kdy potřebuješ mít psa blízko a pod kontrolou, ať už při přesunu městem, nastupování do auta nebo v rušnějším prostředí. Černé kožené provedení doplňuje pletený detail a pevná kovová karabina pro snadné připnutí k obojku nebo postroji. Díky krátkému provedení se pohodlně drží v ruce a nezabírá zbytečné místo.";dog food;Animals & Pet Supplies > Pet Supplies > Dog Supplies > Dog Food;LOUIE;dog;can;single;100_499;discount_50_plus
55048565293321;Krůtí s rýží a prebiotiky 800 g | konzerva pro psy;Konzerva pro psy: Krůtí s rýží a prebiotiky. Krůtí s rýží. Jednoduchá kombinace, která funguje a bříšku tvého chlupáče udělá dobře. Konzerva LOUIE 800 g obsahuje 95 % krůtího masa v pevné složce a 5 % rostlinných složek, vitamínů a minerálů. Žádné konzervanty, žádná zbytečná chemie. Rýže je šetrná k chlupáčovu bříšku a dělá z této porce vyvážené krmivo pro psy vhodné pro každý věk i plemeno. Mokré krmivo má oproti granulím velmi vysokou chuťovost a přirozeně vysoký obsah vody, takže tělu tvého chlupáče dodá výživu i hydrataci v jednom. Konzervy 800 g jsou ideální volbou pro větší plemena jako vydatné kompletní krmivo na každý den. Vyrobeno s láskou kousek od Brna. *Otevřená konzerva vydrží v lednici až 48 hodin.;dog food;Animals & Pet Supplies > Pet Supplies > Dog Supplies > Dog Food;LOUIE;dog;can;single;under_100;discount_1_49
55095068131593;Krůtí s rýží a prebiotiky | 6 ks | 800 g | balíček pro psy;Balíček pro psy: Krůtí s rýží a prebiotiky. Krůtí s rýží. Jednoduchá kombinace, která funguje a bříšku tvého chlupáče udělá dobře. Každá z šesti konzerv LOUIE po 800g obsahuje 95 % krůtího masa v pevné složce a 5 % rostlinných složek, vitamínů a minerálů. Žádné konzervanty, žádná zbytečná chemie. Rýže je šetrná k chlupáčovu bříšku a dělá z každé porce vyvážené krmivo pro psy všech plemen i věkových kategorií. Mokré krmivo má oproti granulím velmi vysokou chuťovost a přirozeně vysoký obsah vody, takže tělu tvého chlupáče dodá výživu i hydrataci v jednom. Konzervy 800g jsou ideální volbou pro větší plemena jako vydatné kompletní krmivo na každý den. Vyrobeno s láskou kousek od Brna. *Otevřená konzerva vydrží v lednici až 48 hodin.;dog food;Animals & Pet Supplies > Pet Supplies > Dog Supplies > Dog Food;LOUIE;dog;bundle;multipack;500_plus;discount_1_49
57276300230921;Krůtí s rýží a prebiotiky | 12 ks | 800 g | balíček pro psy;Balíček pro psy: Krůtí s rýží a prebiotiky. Tvůj chlupáč si krůtí s rýží oblíbil? Udělej mu zásoby. Dvanáct konzerv LOUIE po 400g, každá obsahuje 95 % krůtího masa v pevné složce a 5 % rostlinných složek, vitamínů a minerálů. Žádné konzervanty, žádná zbytečná chemie. Rýže je šetrná k chlupáčovu bříšku a dělá z každé porce vyvážené krmivo pro psy všech plemen i věkových kategorií. Mokré krmivo má oproti granulím velmi vysokou chuťovost a přirozeně vysoký obsah vody, takže tělu tvého chlupáče dodá výživu i hydrataci v jednom. Konzervy 800g jsou ideální volbou pro větší plemena jako vydatné kompletní krmivo na každý den.Tvůj chlupáč dostane to, co má rád, a ty máš klid, že zásoby jen tak nezmizí. Vyrobeno s láskou kousek od Brna. *Otevřená konzerva vydrží v lednici až 48 hodin.;dog food;Animals & Pet Supplies > Pet Supplies > Dog Supplies > Dog Food;LOUIE;dog;bundle;multipack;500_plus;discount_1_49
55048570667273;Přírodní kousací olivové dřevo LOUIE - L | konzerva pro psy;Konzerva pro psy: Přírodní kousací olivové dřevo LOUIE - L. 100 % přírodní kousací dřevo pro psy vyrobené z olivové dřeva. Je přirozeně tvrdé a odolné. Olivové dřevo je vhodné jako trenažér žvýkacích svalů. Přirozené žvýkání a kousání pro psy < 30 kg Hlavní benefity: Napomáhá s prevencí dentálních problémů, neštěpí se a je vhodné pro použití i v interiéru, 100 % přírodní, přirozená hračka pro dlouhé žvýkání a je vhodné i pro alergiky.;dog food;Animals & Pet Supplies > Pet Supplies > Dog Supplies > Dog Food;LOUIE;dog;can;single;100_499;discount_1_49
55048563654921;Kuřecí s rýží a prebiotiky 800 g | konzerva pro psy;Konzerva pro psy: Kuřecí s rýží a prebiotiky. Kuřecí s rýží od LOUIE ve vydatné 800g porci. Pro velké psy, kteří to s krmením myslí vážně. Konzerva obsahuje 95 % kuřecího masa v pevné složce a 5 % rostlinných složek, vitamínů a minerálů. Žádné konzervanty, žádná zbytečná chemie. Rýže je šetrná k chlupáčovu bříšku a dělá z této porce vyvážené krmivo vhodné pro každý věk i plemeno. Konzervy pro psy mají oproti granulím velmi vysokou chuťovost a přirozeně vysoký obsah vody, takže tělu tvého chlupáče dodají výživu i hydrataci v jednom. Konzervy 800 g jsou ideální volbou pro velká plemena jako vydatné kompletní krmivo na každý den. Méně otvírání, více spokojeného chlupáče. Vyrobeno s láskou kousek od Brna. *Otevřená konzerva vydrží v lednici až 48 hodin.;dog food;Animals & Pet Supplies > Pet Supplies > Dog Supplies > Dog Food;LOUIE;dog;can;single;under_100;discount_1_49
55094698901769;Kuřecí s rýží a prebiotiky | 6 ks | 800 g | balíček pro psy;Balíček pro psy: Kuřecí s rýží a prebiotiky. Kuřecí s rýží od LOUIE ve vydatné 800g porci. Pro velké psy, kteří to myslí s krmením vážně. Šest konzerv po 800g, každá obsahuje 95 % kuřecího masa v pevné složce a 5 % rostlinných složek, vitamínů a minerálů. Žádné konzervanty, žádná zbytečná chemie. Rýže je šetrná k chlupáčovu bříšku a dělá z každé porce vyvážené krmivo pro psy vhodné pro každý věk i plemeno. Konzervy pro psy mají oproti granulím velmi vysokou chuťovost a přirozeně vysoký obsah vody, takže tělu tvého chlupáče dodají výživu i hydrataci v jednom. Konzervy 800g jsou ideální volbou pro velká plemena jako vydatné kompletní krmivo na každý den. Méně otvírání, víc spokojeného chlupáče. Vyrobeno s láskou kousek od Brna. *Otevřená konzerva vydrží v lednici až 48 hodin.;dog food;Animals & Pet Supplies > Pet Supplies > Dog Supplies > Dog Food;LOUIE;dog;bundle;multipack;500_plus;discount_1_49
57277990764809;Kuřecí s rýží a prebiotiky | 12 ks | 800 g | balíček pro psy;Balíček pro psy: Kuřecí s rýží a prebiotiky. Kuřecí s rýží od LOUIE ve vydatné 800g porci. Pro velké psy, kteří to myslí s krmením vážně. Dvanáct konzerv po 800g, každá obsahuje 95 % kuřecího masa v pevné složce a 5 % rostlinných složek, vitamínů a minerálů. Žádné konzervanty, žádná zbytečná chemie. Rýže je šetrná k chlupáčovu bříšku a dělá z každé porce vyvážené krmivo pro psy vhodné pro každý věk i plemeno. Konzervy pro psy mají oproti granulím velmi vysokou chuťovost a přirozeně vysoký obsah vody, takže tělu tvého chlupáče dodají výživu i hydrataci v jednom. Konzervy 800g jsou ideální volbou pro velká plemena jako vydatné kompletní krmivo na každý den. Méně otvírání, víc spokojeného chlupáče. Vyrobeno s láskou kousek od Brna. *Otevřená konzerva vydrží v lednici až 48 hodin.;dog food;Animals & Pet Supplies > Pet Supplies > Dog Supplies > Dog Food;LOUIE;dog;bundle;multipack;500_plus;discount_1_49
56721684889865;Jehněčí s krůtím, jablkem a prebiotiky 800 g | konzerva pro psy;Konzerva pro psy: Jehněčí s krůtím, jablkem a prebiotiky. Velký pes si zaslouží pořádnou porci jehněčího s krůtím. Konzerva LOUIE 800 g obsahuje 95 % masa v pevné složce, konkrétně krůtí a jehněčí maso, a 5 % rostlinných složek, vitamínů a minerálů. Žádné obilniny, žádné konzervanty, žádná zbytečná chemie. Jablko přirozeně podporuje zažívání a spolu s prebiotiky pomáhá udržet chlupáčova střeva v kondici. Krmivo pro psy má oproti granulím velmi vysokou chuťovost a přirozeně vysoký obsah vody, takže tělu tvého chlupáče dodá výživu i hydrataci v jednom. Vhodné pro psy každého věku i plemene. Konzervy 800 g jsou ideální volbou pro velká plemena jako vydatné kompletní krmivo na každý den. Méně otvírání, více spokojeného chlupáče. Vyrobeno s láskou kousek od Brna. *Otevřená konzerva vydrží v lednici až 48 hodin.;dog food;Animals & Pet Supplies > Pet Supplies > Dog Supplies > Dog Food;LOUIE;dog;can;single;under_100;discount_1_49
57260600000777;Jehněčí s krůtím, jablkem | 6 ks | 800 g | balíček pro psy;Balíček pro psy: Jehněčí s krůtím, jablkem. Velký pes si zaslouží pořádnou porci jehněčího s krůtím. Šest konzerv LOUIE 800 g obsahuje 95 % masa v pevné složce, konkrétně krůtí a jehněčí maso, a 5 % rostlinných složek, vitamínů a minerálů. Žádné obilniny, žádné konzervanty, žádná zbytečná chemie. Jablko přirozeně podporuje zažívání a spolu s prebiotiky pomáhá udržet chlupáčova střeva v kondici. Krmivo pro psy má oproti granulím velmi vysokou chuťovost a přirozeně vysoký obsah vody, takže tělu tvého chlupáče dodá výživu i hydrataci v jednom. Vhodné pro psy každého věku i plemene. Konzervy 800 g jsou ideální volbou pro velká plemena jako vydatné kompletní krmivo na každý den. Méně otvírání, více spokojeného chlupáče. Vyrobeno s láskou kousek od Brna. *Otevřená konzerva vydrží v lednici až 48 hodin.;dog food;Animals & Pet Supplies > Pet Supplies > Dog Supplies > Dog Food;LOUIE;dog;bundle;multipack;500_plus;discount_1_49
57276066627849;Jehněčí s krůtím a jablkem | 12 ks | 800 g | balíček pro psy;Balíček pro psy: Jehněčí s krůtím a jablkem. Velký pes si zaslouží pořádnou porci jehněčího s krůtím. Dvanáct konzerv LOUIE 800 g obsahuje 95 % masa v pevné složce, konkrétně krůtí a jehněčí maso, a 5 % rostlinných složek, vitamínů a minerálů. Žádné obilniny, žádné konzervanty, žádná zbytečná chemie. Jablko přirozeně podporuje zažívání a spolu s prebiotiky pomáhá udržet chlupáčova střeva v kondici. Krmivo pro psy má oproti granulím velmi vysokou chuťovost a přirozeně vysoký obsah vody, takže tělu tvého chlupáče dodá výživu i hydrataci v jednom. Vhodné pro psy každého věku i plemene. Konzervy 800 g jsou ideální volbou pro velká plemena jako vydatné kompletní krmivo na každý den. Méně otvírání, více spokojeného chlupáče. Vyrobeno s láskou kousek od Brna. *Otevřená konzerva vydrží v lednici až 48 hodin.;dog food;Animals & Pet Supplies > Pet Supplies > Dog Supplies > Dog Food;LOUIE;dog;bundle;multipack;500_plus;discount_1_49
57276291383561;Hovězí s mrkví a prebiotiky | 12 ks | 800 g | balíček pro psy;Balíček pro psy: Hovězí s mrkví a prebiotiky. Velký pes si zaslouží pořádnou porci hovězího. Dvanáct konzerv LOUIE po 800g, každá obsahuje 95 % hovězího masa a vnitřností v pevné složce a 5 % rostlinných složek, vitamínů a minerálů. Žádné konzervanty, žádná zbytečná chemie. Mrkev obsažená v každé konzervě dodává tělu potřebné vitamíny a vlákninu, které přirozeně podporují správnou funkci zažívání. Krmivo pro psy má oproti granulím velmi vysokou chuťovost a přirozeně vysoký obsah vody, takže tělu tvého chlupáče dodá výživu i hydrataci v jednom. Konzervy 800g jsou ideální volbou pro velká plemena jako vydatné kompletní krmivo na každý den. Méně otvírání, více spokojeného chlupáče. Vyrobeno s láskou kousek od Brna. *Otevřená konzerva vydrží v lednici až 48 hodin.;dog food;Animals & Pet Supplies > Pet Supplies > Dog Supplies > Dog Food;LOUIE;dog;bundle;multipack;500_plus;discount_1_49
55048554971401;Kachní s brusinkami a prebiotiky 800 g | konzerva pro psy;Konzerva pro psy: Kachní s brusinkami a prebiotiky. Velký pes si zaslouží pořádnou porci kachního s brusinkami. Konzerva LOUIE 800 g obsahuje 95 % kachního masa v pevné složce a 5 % rostlinných složek, vitamínů a minerálů. Žádné obilniny, žádné konzervanty, žádná zbytečná chemie. Brusinky obsažené v konzervě přirozeně napomáhají udržení zdravé močové soustavy a podporují správnou funkci střev. Krmivo pro psy má oproti granulím velmi vysokou chuťovost a přirozeně vysoký obsah vody, takže tělu tvého chlupáče dodá výživu i hydrataci v jednom. Konzervy 800 g jsou ideální volbou pro velká plemena jako vydatné kompletní krmivo na každý den. Méně otvírání, více spokojeného chlupáče. Vyrobeno s láskou kousek od Brna. *Otevřená konzerva vydrží v lednici až 48 hodin.;dog food;Animals & Pet Supplies > Pet Supplies > Dog Supplies > Dog Food;LOUIE;dog;can;single;under_100;discount_1_49
55048580366601;Hovězí s mrkví a prebiotiky 800 g | konzerva pro psy;Konzerva pro psy: Hovězí s mrkví a prebiotiky. Velký pes si zaslouží pořádnou porci hovězího. Konzerva LOUIE 800 g obsahuje 95 % hovězího masa v pevné složce a 5 % rostlinných složek, vitamínů a minerálů. Žádné obilniny, žádné konzervanty, žádná zbytečná chemie. Mrkev obsažená v konzervě dodává tělu potřebné vitamíny a vlákninu, které přirozeně podporují správnou funkci zažívání. Krmivo pro psy má oproti granulím velmi vysokou chuťovost a přirozeně vysoký obsah vody, takže tělu tvého chlupáče dodá výživu i hydrataci v jednom. Konzervy 800 g jsou ideální volbou pro velká plemena jako vydatné kompletní krmivo na každý den. Méně otvírání, více spokojeného chlupáče. Vyrobeno s láskou kousek od Brna. *Otevřená konzerva vydrží v lednici až 48 hodin.;dog food;Animals & Pet Supplies > Pet Supplies > Dog Supplies > Dog Food;LOUIE;dog;can;single;under_100;discount_1_49
55048593998089;Kuřecí s cuketou a prebiotiky 800 g | konzerva pro psy;Konzerva pro psy: Kuřecí s cuketou a prebiotiky. Velký pes si zaslouží pořádnou porci. Konzerva LOUIE 800 g s kuřecím masem a cuketou obsahuje 95 % masa v pevné složce a 5 % rostlinných složek, vitamínů a minerálů. Žádné obilniny, žádné konzervanty, žádná zbytečná chemie. Cuketa je lehce stravitelná, šetrná k chlupáčovu bříšku a přirozeně dodává tělu potřebné živiny a vlákninu. Krmivo pro psy má oproti granulím velmi vysokou chuťovost a přirozeně vysoký obsah vody, takže tělu tvého chlupáče dodá výživu i hydrataci v jednom. Vhodné pro psy každého věku i plemene. Konzervy 800 g jsou ideální volbou pro velká plemena jako vydatné kompletní krmivo na každý den. Méně otvírání, více spokojeného chlupáče. Vyrobeno s láskou kousek od Brna. *Otevřená konzerva vydrží v lednici až 48 hodin.;dog food;Animals & Pet Supplies > Pet Supplies > Dog Supplies > Dog Food;LOUIE;dog;can;single;under_100;discount_1_49
55094913466633;Hovězí s mrkví a prebiotiky | 6 ks | 800 g | balíček pro psy;Balíček pro psy: Hovězí s mrkví a prebiotiky. Velký pes si zaslouží pořádnou porci hovězího. Šest konzerv LOUIE po 800g, každá obsahuje 95 % hovězího masa a vnitřností v pevné složce a 5 % rostlinných složek, vitamínů a minerálů. Žádné konzervanty, žádná zbytečná chemie. Mrkev obsažená v každé konzervě dodává tělu potřebné vitamíny a vlákninu, které přirozeně podporují správnou funkci zažívání. Krmivo pro psy má oproti granulím velmi vysokou chuťovost a přirozeně vysoký obsah vody, takže tělu tvého chlupáče dodá výživu i hydrataci v jednom. Konzervy 800g jsou ideální volbou pro velká plemena jako vydatné kompletní krmivo na každý den. Méně otvírání, více spokojeného chlupáče. Vyrobeno s láskou kousek od Brna. *Otevřená konzerva vydrží v lednici až 48 hodin.;dog food;Animals & Pet Supplies > Pet Supplies > Dog Supplies > Dog Food;LOUIE;dog;bundle;multipack;500_plus;discount_1_49
55048697577737;Hovězí kapsička s mrkví a prebiotiky 300 g | kapsička pro psy;Kapsička pro psy: Hovězí kapsička s mrkví a prebiotiky. Hovězí maso s mrkví od LOUIE. Poctivé složení, žádné zbytečnosti a vůně, které tvůj chlupáč neodolá. Každá kapsička 300 g obsahuje 95 % hovězího masa a vnitřností v pevné složce a 5 % rostlinných složek, vitamínů a minerálů. Žádné obilniny, žádné konzervanty, žádná zbytečná chemie. Mrkev dodává tělu potřebné vitamíny a vlákninu, které přirozeně podporují správnou funkci zažívání. Kapsičky pro psy mají oproti granulím velmi vysokou chuťovost a přirozeně vysoký obsah vody, takže tělu dodají výživu i hydrataci v jednom. Velikost 300 g se snadno vejde do batohu a je skvělou volbou jako praktický společník na cesty nebo jako každodenní krmivo pro střední a velká plemena. Vyrobeno s láskou kousek od Brna.;dog food;Animals & Pet Supplies > Pet Supplies > Dog Supplies > Dog Food;LOUIE;dog;pouch;single;under_100;no_discount
55094902227209;Hovězí kapsičky s mrkví a prebiotiky | 12 ks | 300 g | balíček pro psy;Balíček pro psy: Hovězí kapsičky s mrkví a prebiotiky. Hovězí maso s mrkví od LOUIE. Dvanáct kapsiček po 300 g, každá obsahuje 95 % hovězího masa a vnitřností v pevné složce a 5 % rostlinných složek, vitamínů a minerálů. Žádné obilniny, žádné konzervanty, žádná zbytečná chemie. Mrkev dodává tělu potřebné vitamíny a vlákninu, které přirozeně podporují správnou funkci zažívání. Kapsičky pro psy mají oproti granulím velmi vysokou chuťovost a přirozeně vysoký obsah vody, takže tělu dodají výživu i hydrataci v jednom. Velikost 300 g se snadno vejde do batohu a je skvělou volbou jako praktický společník na cesty nebo jako každodenní krmivo pro střední a velká plemena. Vyrobeno s láskou kousek od Brna.;dog food;Animals & Pet Supplies > Pet Supplies > Dog Supplies > Dog Food;LOUIE;dog;bundle;multipack;500_plus;discount_1_49
55048576270601;Rybí s rýží a prebiotiky 200 g (německá etiketa) | konzerva pro psy;Konzerva pro psy: Rybí s rýží a prebiotiky 200 g (německá etiketa). Hledáš krmivo pro psy, které tvůj chlupáč přijme bez váhání? Rybí s rýží od LOUIE je kombinace, která funguje. Konzerva 200 g obsahuje 95 % rybího masa v pevné složce a 5 % rostlinných složek, vitamínů a minerálů. Žádné konzervanty, žádná zbytečná chemie. Rýže je šetrná k chlupáčovu bříšku a dělá z každé porce vyvážené krmivo pro psy všech plemen i věkových kategorií. Mokré krmení má oproti granulím velmi vysokou chuťovost a přirozeně vysoký obsah vody, takže tělu tvého chlupáče dodají výživu i hydrataci v jednom. Konzervy 200 g jsou ideální volbou pro malá a střední plemena jako kompletní krmivo na každý den nebo jako praktický společník na cesty. Vyrobeno s láskou kousek od Brna. *Otevřená konzerva vydrží v lednici až 48 hodin.;dog food;Animals & Pet Supplies > Pet Supplies > Dog Supplies > Dog Food;LOUIE;dog;can;single;under_100;discount_1_49
55097567412489;Rybí s rýží a prebiotiky | 8 ks | 200 g (německá etiketa) | balíček pro psy;Balíček pro psy: Rybí s rýží a prebiotiky. Hledáš krmivo pro psy, které tvůj chlupáč přijme bez váhání? Rybí s rýží od LOUIE je klasická kombinace, která funguje. Každá z osmi konzerv po 200g obsahuje 95 % rybího masa v pevné složce, včetně změkčených rybích kostí jako přirozeného zdroje vápníku a fosforu v přirozeném poměru, a 5 % rostlinných složek, vitamínů a minerálů. Žádné konzervanty, žádná zbytečná chemie. Rýže je šetrná k chlupáčovu bříšku a dělá z každé porce vyvážené krmivo pro psy vhodné pro každý věk i plemeno. Konzervy pro psy mají oproti granulím velmi vysokou chuťovost a přirozeně vysoký obsah vody, takže tělu tvého chlupáče dodají výživu i hydrataci v jednom. Konzervy 200g jsou ideální volbou pro malá a střední plemena nebo jako praktický společník na cesty. Vyrobeno s láskou kousek od Brna. *Otevřená konzerva vydrží v lednici až 48 hodin.;dog food;Animals & Pet Supplies > Pet Supplies > Dog Supplies > Dog Food;LOUIE;dog;bundle;multipack;100_499;discount_50_plus
57245079404809;Rybí s rýží a prebiotiky | 16 ks | 200 g (německá etiketa) | balíček pro psy;Balíček pro psy: Rybí s rýží a prebiotiky. Hledáš krmivo pro psy, které tvůj chlupáč přijme bez váhání? Rybí s rýží od LOUIE je klasická kombinace, která funguje. Každá z šestnácti konzerv po 200g obsahuje 95 % rybího masa v pevné složce, včetně změkčených rybích kostí jako přirozeného zdroje vápníku a fosforu v přirozeném poměru, a 5 % rostlinných složek, vitamínů a minerálů. Žádné konzervanty, žádná zbytečná chemie. Rýže je šetrná k chlupáčovu bříšku a dělá z každé porce vyvážené krmivo pro psy vhodné pro každý věk i plemeno. Konzervy pro psy mají oproti granulím velmi vysokou chuťovost a přirozeně vysoký obsah vody, takže tělu tvého chlupáče dodají výživu i hydrataci v jednom. Konzervy 200g jsou ideální volbou pro malá a střední plemena nebo jako praktický společník na cesty. Vyrobeno s láskou kousek od Brna. *Otevřená konzerva vydrží v lednici až 48 hodin.;dog food;Animals & Pet Supplies > Pet Supplies > Dog Supplies > Dog Food;LOUIE;dog;bundle;multipack;500_plus;discount_50_plus
55048699150601;Kachní kapsička s brusinkami a prebiotiky 300 g | kapsička pro psy;Kapsička pro psy: Kachní kapsička s brusinkami a prebiotiky. Kachna patří mezi oblíbené druhy masa pro psy a v LOUIE ji najdeš i v praktické kapsičce. Každá obsahuje 95 % kachního masa v pevné složce a 5 % rostlinných složek, vitamínů a minerálů. Žádné obilniny, žádné konzervanty, žádná zbytečná chemie. Brusinky obsažené přirozeně napomáhají udržení zdravé močové soustavy a podporují správnou funkci střev. Kapsičky pro psy mají oproti granulím velmi vysokou chuťovost a přirozeně vysoký obsah vody, takže tělu tvého chlupáče dodají výživu i hydrataci v jednom. Velikost 300g se snadno vejde do batohu a je skvělou volbou jako praktický společník na cesty nebo jako každodenní krmivo pro střední a velká plemena. Vyrobeno s láskou kousek od Brna.;dog food;Animals & Pet Supplies > Pet Supplies > Dog Supplies > Dog Food;LOUIE;dog;pouch;single;under_100;no_discount
55095374971145;Kachní kapsičky s brusinkami a prebiotiky | 12 ks | 300 g | balíček pro psy;Balíček pro psy: Kachní kapsičky s brusinkami a prebiotiky. Kachna patří mezi oblíbené druhy masa pro psy a prázdná miska naší smečky to jen pokaždé dokazuje. Dvanáct kapsiček LOUIE po 300g plných 95 % kachního masa v pevné složce a 5 % rostlinných složek, vitamínů a minerálů. Žádné konzervanty, žádná zbytečná chemie. Brusinky obsažené v každé kapsičce přirozeně napomáhají udržení zdravé močové soustavy a podporují správnou funkci střev. Kapsičky pro psy mají oproti granulím velmi vysokou chuťovost a přirozeně vysoký obsah vody, takže tělu tvého chlupáče dodají výživu i hydrataci v jednom. Kapsičky 300g se snadno vejdou do tašky a jsou skvělou volbou jako praktický společník na cesty nebo jako každodenní krmivo pro střední a velká plemena. Vyrobeno s láskou kousek od Brna.;dog food;Animals & Pet Supplies > Pet Supplies > Dog Supplies > Dog Food;LOUIE;dog;bundle;multipack;500_plus;discount_1_49
55048571027721;Kuřecí s rýží a prebiotiky 200 g | konzerva pro psy;Konzerva pro psy: Kuřecí s rýží a prebiotiky. Kuřecí maso s rýží je klasická kombinace, která funguje. A v LOUIE víš přesně, co v konzervě najdeš. Konzerva 200 g obsahuje 95 % kuřecího masa v pevné složce a 5 % rostlinných složek, vitamínů a minerálů. Žádné konzervanty, žádná zbytečná chemie. Rýže je šetrná k chlupáčovu bříšku a dělá z této porce vyvážené krmivo pro psy vhodné pro každý věk i plemeno. Mokré krmení má oproti granulím velmi vysokou chuťovost a přirozeně vysoký obsah vody, takže tělu tvého chlupáče dodají výživu i hydrataci v jednom. Konzervy 200 g jsou ideální volbou pro malá a střední plemena jako kompletní krmivo na každý den nebo jako praktický společník na cesty. Vyrobeno s láskou kousek od Brna. *Otevřená konzerva vydrží v lednici až 48 hodin.;dog food;Animals & Pet Supplies > Pet Supplies > Dog Supplies > Dog Food;LOUIE;dog;can;single;under_100;discount_1_49
55048576860425;Krůtí s rýží a prebiotiky 200 g | konzerva pro psy;Konzerva pro psy: Krůtí s rýží a prebiotiky. Víš, co mají společného krůta a rýže? Dohromady tvoří krmivo, které si tvůj chlupáč zamiluje. Konzerva LOUIE 200 g obsahuje 95 % krůtího masa v pevné složce a 5 % rostlinných složek, vitamínů a minerálů. Žádné konzervanty, žádná zbytečná chemie. Rýže je lehce stravitelná a šetrná k chlupáčovu bříšku, takže je tato kombinace vhodná pro psy každého věku i plemene. Krmivo má oproti granulím velmi vysokou chuťovost a přirozeně vysoký obsah vody, takže tělu tvého chlupáče dodá výživu i hydrataci v jednom. Konzervy 200 g jsou ideální volbou pro malá a střední plemena jako kompletní krmivo na každý den nebo jako praktický společník na cesty. Vyrobeno s láskou kousek od Brna. *Otevřená konzerva vydrží v lednici až 48 hodin.;dog food;Animals & Pet Supplies > Pet Supplies > Dog Supplies > Dog Food;LOUIE;dog;can;single;under_100;discount_1_49
55048580104457;Hovězí s mrkví 200 g | konzerva pro psy;Konzerva pro psy: Hovězí s mrkví. Hovězí s mrkví od LOUIE. Poctivé složení, žádné zbytečnosti a vůně, které tvůj chlupáč neodolá. Konzerva 200 g obsahuje 95 % hovězího masa v pevné složce a 5 % rostlinných složek, vitamínů a minerálů. Žádné obilniny, žádné konzervanty, žádná zbytečná chemie. Mrkev obsažená v konzervě dodává tělu potřebné vitamíny a vlákninu, které přirozeně podporují správnou funkci zažívání. Krmivo pro psy má oproti granulím velmi vysokou chuťovost a přirozeně vysoký obsah vody, takže tělu tvého chlupáče dodá výživu i hydrataci v jednom. Konzervy 200 g jsou ideální volbou pro malá a střední plemena jako kompletní krmivo na každý den nebo jako praktický společník na cesty. Vyrobeno s láskou kousek od Brna. *Otevřená konzerva vydrží v lednici až 48 hodin.;dog food;Animals & Pet Supplies > Pet Supplies > Dog Supplies > Dog Food;LOUIE;dog;can;single;under_100;no_discount
55048590328073;Hovězí s mrkví a prebiotiky 400 g | konzerva pro psy;Konzerva pro psy: Hovězí s mrkví a prebiotiky. Hovězí s mrkví od LOUIE. Poctivé složení, žádné zbytečnosti a vůně, které tvůj chlupáč neodolá. Konzerva 400 g obsahuje 95 % hovězího masa v pevné složce a 5 % rostlinných složek, vitamínů a minerálů. Žádné obilniny, žádné konzervanty, žádná zbytečná chemie. Mrkev obsažená v konzervě dodává tělu potřebné vitamíny a vlákninu, které přirozeně podporují správnou funkci zažívání. Krmivo pro psy má oproti granulím velmi vysokou chuťovost a přirozeně vysoký obsah vody, takže tělu tvého chlupáče dodá výživu i hydrataci v jednom. Konzervy 400 g jsou ideální volbou pro střední a větší plemena jako vydatné kompletní krmivo na každý den. Vyrobeno s láskou kousek od Brna. *Otevřená konzerva vydrží v lednici až 48 hodin.;dog food;Animals & Pet Supplies > Pet Supplies > Dog Supplies > Dog Food;LOUIE;dog;can;single;under_100;discount_1_49
55048591278345;Kuřecí s cuketou a prebiotiky 200 g | konzerva pro psy;Konzerva pro psy: Kuřecí s cuketou a prebiotiky. Kuřecí s cuketou od LOUIE. Jednoduché složení, žádné zbytečnosti a vůně, které tvůj chlupáč neodolá. Konzerva 200 g obsahuje 95 % kuřecího masa v pevné složce a 5 % rostlinných složek, vitamínů a minerálů. Žádné obilniny, žádné konzervanty, žádná zbytečná chemie. Cuketa je lehce stravitelná, šetrná k chlupáčovu bříšku a přirozeně dodává tělu potřebné živiny a vlákninu. Krmivo pro psy má oproti granulím velmi vysokou chuťovost a přirozeně vysoký obsah vody, takže tělu tvého chlupáče dodá výživu i hydrataci v jednom. Vhodné pro psy každého věku i plemene. Konzervy 200 g jsou ideální volbou pro malá a střední plemena jako kompletní krmivo na každý den nebo jako praktický společník na cesty. Vyrobeno s láskou kousek od Brna. *Otevřená konzerva vydrží v lednici až 48 hodin.;dog food;Animals & Pet Supplies > Pet Supplies > Dog Supplies > Dog Food;LOUIE;dog;can;single;under_100;discount_1_49
55048690893065;Vepřové se špenátem a prebiotiky 400 g | konzerva pro psy;Konzerva pro psy: Vepřové se špenátem a prebiotiky. Vepřové maso psi milují a v LOUIE víš přesně, co v konzervě najdeš. Konzerva 400 g obsahuje 95 % vepřového masa v pevné složce a 5 % rostlinných složek, vitamínů a minerálů. Žádné obilniny, žádné konzervanty, žádná zbytečná chemie. Špenát doplňuje tělu potřebné živiny a prebiotika ve formě mannanoligosacharidů MOS a fruktooligosacharidů FOS posilují střevní mikroflóru tvého chlupáče. Vláknina přispívá ke správné funkci trávicího i imunitního systému. Krmivo pro psy má oproti granulím velmi vysokou chuťovost a přirozeně vysoký obsah vody, takže tělu dodá výživu i hydrataci v jednom. Konzervy 400 g jsou ideální volbou pro střední a větší plemena jako vydatné kompletní krmivo na každý den. Vyrobeno s láskou kousek od Brna. *Otevřená konzerva vydrží v lednici až 48 hodin.;dog food;Animals & Pet Supplies > Pet Supplies > Dog Supplies > Dog Food;LOUIE;dog;can;single;under_100;discount_1_49
55094695297289;Kuřecí s rýží a prebiotiky | 8 ks | 200 g | balíček pro psy;Balíček pro psy: Kuřecí s rýží a prebiotiky. Kuřecí maso s rýží je klasická kombinace, která funguje. A v LOUIE víš přesně, co v konzervě najdeš. Každá z osmi konzerv po 200g obsahuje 95 % kuřecího masa v pevné složce, včetně změkčených kuřecích kostí jako přirozeného zdroje vápníku a fosforu, a 5 % rostlinných složek, vitamínů a minerálů. Žádné konzervanty, žádná zbytečná chemie. Rýže je šetrná k chlupáčovu bříšku a dělá z každé porce vyvážené krmivo pro psy vhodné pro každý věk i plemeno. Konzervy pro psy mají oproti granulím velmi vysokou chuťovost a přirozeně vysoký obsah vody, takže tělu tvého chlupáče dodají výživu i hydrataci v jednom. Konzervy 200g jsou ideální volbou pro malá a střední plemena nebo jako praktický společník na cesty. Vyrobeno s láskou kousek od Brna. *Otevřená konzerva vydrží v lednici až 48 hodin.;dog food;Animals & Pet Supplies > Pet Supplies > Dog Supplies > Dog Food;LOUIE;dog;bundle;multipack;100_499;discount_50_plus
55606261940489;Hovězí vývar | 8 ks | 400 g | balíček pro psy;Balíček pro psy: Hovězí vývar. Znáš ten pohled, kdy chlupáč sedí u misky a čeká, jestli se tam náhodou neobjeví něco dobrého? S hovězím vývarem od LOUIE mu radost uděláš vždycky. Osm konzerv čistého hovězího vývaru po 400g. Nic víc, nic míň. Vývar přirozeně zvyšuje příjem tekutin, takže se tvůj pejsek nebo kočička nejen nají, ale zároveň se pořádně napije. Hodí se jako zpestření každodenního krmení, skvělá pomůcka při přechodu z granulí na krmivo nebo jako osvěžující pochoutka v horkých letních dnech. Žádné konzervanty, žádná zbytečná chemie, jen čistá síla přírody v jedné misce. Vyrobeno s láskou kousek od Brna. *Otevřená konzerva vydrží v lednici až 48 hodin.;dog food;Animals & Pet Supplies > Pet Supplies > Dog Supplies > Dog Food;LOUIE;dog;bundle;multipack;100_499;discount_50_plus
56005125013769;Kuřecí s prebiotiky 400 g | konzerva pro kočky;Konzerva pro kočky: Kuřecí s prebiotiky. Kuřecí maso zná každá kočka a v LOUIE víš přesně, co dostaneš. Konzerva po 400 g s jemnou mousse konzistencí obsahuje 100 % masa v pevné složce. Jen kuřecí maso, vývar, prebiotika, minerály a vitamíny. Žádné obilniny, žádné konzervanty, žádná zbytečná chemie. Prebiotika ve formě mannanoligosacharidů MOS a fruktooligosacharidů FOS posilují střevní mikroflóru tvé kočky a přispívají ke správné funkci trávicího systému. Nechybí ani taurin, nezbytný pro zdravé srdce a bystrý zrak, který si kočky na rozdíl od psů nedokážou samy vyrobit. Vhodné pro každý věk i plemeno. Vyrobeno s láskou kousek od Brna. *Otevřená konzerva vydrží v lednici až 48 hodin.;cat food;Animals & Pet Supplies > Pet Supplies > Cat Supplies > Cat Food;LOUIE;cat;can;single;under_100;discount_1_49
56005125996809;Losos s prebiotiky 200 g | konzerva pro kočky;Konzerva pro kočky: Losos s prebiotiky. Losos je u koček naprostý favorit a my ho zpracováváme poctivě a bez zbytečností. Konzerva LOUIE 200 g s jemnou mousse konzistencí obsahuje 100 % masa v pevné složce. Jen losos, vývar, prebiotika, minerály a vitamíny. Žádné obilniny, žádné konzervanty, žádná zbytečná chemie. Prebiotika ve formě mannanoligosacharidů MOS a fruktooligosacharidů FOS posilují střevní mikroflóru tvé kočky a přispívají ke správné funkci trávicího systému. Nechybí ani taurin, nezbytný pro zdravé srdce a bystrý zrak, který si kočky na rozdíl od psů nedokážou samy vyrobit. Vhodné pro každý věk i plemeno. Vyrobeno s láskou kousek od Brna. *Otevřená konzerva vydrží v lednici až 48 hodin.;cat food;Animals & Pet Supplies > Pet Supplies > Cat Supplies > Cat Food;LOUIE;cat;can;single;under_100;discount_1_49
56252287582473;Krůtí s brusinkami, pastinákem a prebiotiky 800 g | konzerva pro psy;Konzerva pro psy: Krůtí s brusinkami, pastinákem a prebiotiky. Krůtí maso, brusinky a pastinák v pořádné 800g porci pro velké psy. Konzerva LOUIE obsahuje 95 % krůtího masa v pevné složce a 5 % rostlinných složek, vitamínů, minerálů a prebiotik. Žádné obilniny, žádné konzervanty, žádná zbytečná chemie. Brusinky přispívají k ochraně buněk, podporují zdravý imunitní systém a napomáhají udržení zdravé močové soustavy. Pastinák přirozeně zlepšuje chuť k jídlu a má jemné antibakteriální vlastnosti. Prebiotika ve formě mannanoligosacharidů MOS a fruktooligosacharidů FOS posilují střevní mikroflóru a vláknina přispívá ke správné funkci trávicího i imunitního systému. Konzervy 800 g jsou ideální volbou pro velká plemena jako vydatné kompletní krmivo na každý den. Méně otvírání, více spokojeného chlupáče. Vyrobeno s láskou kousek od Brna. *Otevřená konzerva vydrží v lednici až 48 hodin.;dog food;Animals & Pet Supplies > Pet Supplies > Dog Supplies > Dog Food;LOUIE;dog;can;single;under_100;discount_1_49
56252906438921;Krůtí s brusinkami, pastinákem a prebiotiky | 6 ks | 800 g | balíček pro psy;Balíček pro psy: Krůtí s brusinkami, pastinákem a prebiotiky. Krůtí maso, brusinky a pastinák. Šest konzerv LOUIE po 800g pro velké psy, kteří si zaslouží pořádnou porci s pořádným složením. Každá konzerva obsahuje 95 % krůtího masa v pevné složce a 5 % rostlinných složek, vitamínů, minerálů a prebiotik. Žádné obilniny, žádné konzervanty, žádná zbytečná chemie. Brusinky přispívají k ochraně buněk, podporují zdravý imunitní systém a napomáhají udržení zdravé močové soustavy. Pastinák přirozeně zlepšuje chuť k jídlu a má jemné antibakteriální vlastnosti. Prebiotika ve formě mannanoligosacharidů MOS a fruktooligosacharidů FOS posilují střevní mikroflóru a vláknina přispívá ke správné funkci trávicího i imunitního systému. Krmivo pro psy má oproti granulím velmi vysokou chuťovost a přirozeně vysoký obsah vody, takže tělu tvého chlupáče dodá výživu i hydrataci v jednom. Konzervy 800g jsou ideální volbou pro velká plemena jako vydatné kompletní krmivo na každý den. Tvůj chlupáč bude mít v bříšku jako v pokojíčku. Vyrobeno s láskou kousek od Brna. *Otevřená konzerva vydrží v lednici až 48 hodin.;dog food;Animals & Pet Supplies > Pet Supplies > Dog Supplies > Dog Food;LOUIE;dog;bundle;multipack;500_plus;discount_1_49
56274778390793;Krůtí s brusinkami, pastiňákem a prebiotiky 200 g | konzerva pro psy;Konzerva pro psy: Krůtí s brusinkami, pastiňákem a prebiotiky. Krůtí maso, brusinky a pastinák. Kombinace, která dává smysl. Konzerva 200 g obsahuje 95 % krůtího masa v pevné složce a 5 % rostlinných složek, vitamínů, minerálů a prebiotik. Žádné obilniny, žádné konzervanty, žádná zbytečná chemie. Brusinky přirozeně podporují zdraví močové soustavy a pastinák dodává tělu potřebnou vlákninu a živiny. Prebiotika ve formě mannanoligosacharidů MOS a fruktooligosacharidů FOS navíc posilují střevní mikroflóru tvého chlupáče a přispívají ke správné funkci trávicího i imunitního systému. Krmivo pro psy má oproti granulím velmi vysokou chuťovost a přirozeně vysoký obsah vody, takže tělu dodá výživu i hydrataci v jednom. Konzervy 200 g jsou ideální volbou pro malá a střední plemena jako kompletní krmivo na každý den nebo jako praktický společník na cesty. Vyrobeno s láskou kousek od Brna. *Otevřená konzerva vydrží v lednici až 48 hodin.;dog food;Animals & Pet Supplies > Pet Supplies > Dog Supplies > Dog Food;LOUIE;dog;can;single;under_100;discount_1_49
57244349104393;Kuřecí s rýží a prebiotiky | 16 ks | 200 g | balíček pro psy;Balíček pro psy: Kuřecí s rýží a prebiotiky. Kuřecí maso s rýží je klasická kombinace, která funguje. A v LOUIE víš přesně, co v konzervě najdeš. Každá z šestnácti konzerv po 200g obsahuje 95 % kuřecího masa v pevné složce, včetně změkčených kuřecích kostí jako přirozeného zdroje vápníku a fosforu, a 5 % rostlinných složek, vitamínůa minerálů. Žádné konzervanty, žádná zbytečná chemie. Rýže je šetrná k chlupáčovu bříšku a dělá z každé porce vyvážené krmivo pro psy vhodné pro každý věk i plemeno. Konzervy pro psy mají oproti granulím velmi vysokou chuťovost a přirozeně vysoký obsah vody, takže tělu tvého chlupáče dodají výživu i hydrataci v jednom. Konzervy 200g jsou ideální volbou pro malá a střední plemena nebo jako praktický společník na cesty. Vyrobeno s láskou kousek od Brna. *Otevřená konzerva vydrží v lednici až 48 hodin.;dog food;Animals & Pet Supplies > Pet Supplies > Dog Supplies > Dog Food;LOUIE;dog;bundle;multipack;500_plus;discount_50_plus
57276277686537;Krůtí s brusinkami, pastinákem a prebiotiky | 12 ks | 800 g | balíček pro psy;Balíček pro psy: Krůtí s brusinkami, pastinákem a prebiotiky. Krůtí maso, brusinky a pastinák. Dvanáct konzerv LOUIE po 800g pro velké psy, kteří si zaslouží pořádnou porci s pořádným složením. Každá konzerva obsahuje 95 % krůtího masa v pevné složce a 5 % rostlinných složek, vitamínů, minerálů a prebiotik. Žádné obilniny, žádné konzervanty, žádná zbytečná chemie. Brusinky přispívají k ochraně buněk, podporují zdravý imunitní systém a napomáhají udržení zdravé močové soustavy. Pastinák přirozeně zlepšuje chuť k jídlu a má jemné antibakteriální vlastnosti. Prebiotika ve formě mannanoligosacharidů MOS a fruktooligosacharidů FOS posilují střevní mikroflóru a vláknina přispívá ke správné funkci trávicího i imunitního systému. Krmivo pro psy má oproti granulím velmi vysokou chuťovost a přirozeně vysoký obsah vody, takže tělu tvého chlupáče dodá výživu i hydrataci v jednom. Konzervy 800g jsou ideální volbou pro velká plemena jako vydatné kompletní krmivo na každý den. Tvůj chlupáč bude mít v bříšku jako v pokojíčku. Vyrobeno s láskou kousek od Brna. *Otevřená konzerva vydrží v lednici až 48 hodin.;dog food;Animals & Pet Supplies > Pet Supplies > Dog Supplies > Dog Food;LOUIE;dog;bundle;multipack;500_plus;discount_50_plus
55048568570121;Hovězí s rýží a prebiotiky 800 g | konzerva pro psy;Konzerva pro psy: Hovězí s rýží a prebiotiky. Velký pes si zaslouží pořádnou porci hovězího s rýží. Konzerva LOUIE 800 g obsahuje 95 % hovězího masa v pevné složce a 5 % rostlinných složek, vitamínů a minerálů. Žádné konzervanty, žádná zbytečná chemie. Rýže je šetrná k chlupáčovu bříšku a dělá z této porce vyvážené krmivo pro psy vhodné pro každý věk i plemeno. Krmivo pro psy má oproti granulím velmi vysokou chuťovost a přirozeně vysoký obsah vody, takže tělu tvého chlupáče dodá výživu i hydrataci v jednom. Konzervy 800 g jsou ideální volbou pro velká plemena jako vydatné kompletní krmivo na každý den. Méně otvírání, více spokojeného chlupáče. Vyrobeno s láskou kousek od Brna. *Otevřená konzerva vydrží v lednici až 48 hodin.;dog food;Animals & Pet Supplies > Pet Supplies > Dog Supplies > Dog Food;LOUIE;dog;can;single;under_100;discount_1_49
55094908485897;Hovězí s mrkví | 8 ks | 200 g | balíček pro psy;Balíček pro psy: Hovězí s mrkví. Hovězí maso patří mezi klasiku, kterou psi milují. Každá z osmi konzerv LOUIE po 200g obsahuje 95 % hovězího masa v pevné složce a 5 % rostlinných složek, vitamínů a minerálů. Žádné obilniny, žádné konzervanty, žádná zbytečná chemie. Mrkev obsažená v každé konzervě dodává tělu potřebné vitamíny a vlákninu, které přirozeně podporují správnou funkci zažívání. Krmivo pro psy má oproti granulím velmi vysokou chuťovost a přirozeně vysoký obsah vody, takže tělu dodá výživu i hydrataci v jednom. Přesně to, co tvůj chlupáč potřebuje každý den. Konzervy 200g jsou ideální volbou pro malá a střední plemena nebo jako praktický společník na cesty. Vyrobeno s láskou kousek od Brna. *Otevřená konzerva vydrží v lednici až 48 hodin.;dog food;Animals & Pet Supplies > Pet Supplies > Dog Supplies > Dog Food;LOUIE;dog;bundle;multipack;100_499;discount_1_49
55094909600009;Hovězí s mrkví a prebiotiky | 8 ks | 400 g | balíček pro psy;Balíček pro psy: Hovězí s mrkví a prebiotiky. Hovězí s mrkví od LOUIE. Poctivé složení, žádné zbytečnosti a vůně, které tvůj chlupáč neodolá. Každá z osmi konzerv po 400g obsahuje 95 % hovězího masa a vnitřností v pevné složce a 5 % rostlinných složek, vitamínů a minerálů. Žádné konzervanty, žádná zbytečná chemie. Mrkev obsažená v každé konzervě dodává tělu potřebné vitamíny a vlákninu, které přirozeně podporují správnou funkci zažívání. Krmivo pro psy má oproti granulím velmi vysokou chuťovost a přirozeně vysoký obsah vody, takže tělu tvého chlupáče dodá výživu i hydrataci v jednom. Konzervy 400g jsou ideální volbou pro střední a větší plemena jako vydatné kompletní krmivo na každý den. Vyrobeno s láskou kousek od Brna. *Otevřená konzerva vydrží v lednici až 48 hodin.;dog food;Animals & Pet Supplies > Pet Supplies > Dog Supplies > Dog Food;LOUIE;dog;bundle;multipack;500_plus;discount_50_plus
55095062921481;Krůtí s rýží a prebiotiky | 8 ks | 200 g | balíček pro psy;Balíček pro psy: Krůtí s rýží a prebiotiky. Víš, co mají společného krůta a rýže? Dohromady tvoří krmivo, které tvůj chlupáč bude milovat. Každá z osmi konzerv LOUIE po 200g obsahuje 95 % krůtího masa v pevné složce a 5 % rostlinných složek, vitamínů a minerálů. Žádné konzervanty, žádná zbytečná chemie. Rýže je lehce stravitelná a šetrná k chlupáčovu bříšku, takže je tato kombinace vhodná pro psy každého věku i plemene. Krmivo má navíc oproti granulím velmi vysokou chuťovost a přirozeně vysoký obsah vody, takže tělu tvého pejska dodáš výživu i hydrataci v jednom. Konzervy 200g jsou ideální volbou pro malá a střední plemena nebo jako praktický společník na cesty. Vyrobeno s láskou kousek od Brna. *Otevřená konzerva vydrží v lednici až 48 hodin.;dog food;Animals & Pet Supplies > Pet Supplies > Dog Supplies > Dog Food;LOUIE;dog;bundle;multipack;100_499;discount_50_plus
55097697894665;Vepřové se špenátem a prebiotiky | 16 ks | 400 g | balíček pro psy;Balíček pro psy: Vepřové se špenátem a prebiotiky. Tvůj chlupáč si vepřové se špenátem oblíbil? Tak ať mu brzo nedojdou zásoby. Šestnáct konzerv LOUIE po 400g, každá obsahuje 95 % vepřového masa v pevné složce a 5 % rostlinných složek, vitamínů a minerálů. Žádné obilniny, žádné konzervanty, žádná zbytečná chemie. Špenát doplňuje tělu potřebné živiny, vláknina přispívá ke správné funkci trávicího i imunitního systému a prebiotika ve formě mannanoligosacharidů MOS a fruktooligosacharidů FOS posilují střevní mikroflóru tvého chlupáče. Krmivo pro psy má oproti granulím velmi vysokou chuťovost a přirozeně vysoký obsah vody, takže tělu dodá výživu i hydrataci v jednom. Konzervy 400g jsou ideální volbou pro střední a větší plemena jako vydatné kompletní krmivo na každý den. Tvůj chlupáč dostane to, co má rád, a ty máš klid, že zásoby jen tak nezmizí. Vyrobeno s láskou kousek od Brna. *Otevřená konzerva vydrží v lednici až 48 hodin.;dog food;Animals & Pet Supplies > Pet Supplies > Dog Supplies > Dog Food;LOUIE;dog;bundle;multipack;500_plus;discount_50_plus
55097698746633;Vepřové se špenátem a prebiotiky | 8 ks | 400 g | balíček pro psy;Balíček pro psy: Vepřové se špenátem a prebiotiky. Vepřové maso psi milují a v LOUIE víš přesně, co v konzervě najdeš. Každá z osmi konzerv po 400g obsahuje 95 % vepřového masa v pevné složce a 5 % rostlinných složek, vitamínů a minerálů. Žádné obilniny, žádné konzervanty, žádná zbytečná chemie. Špenát doplňuje tělu potřebné živiny a prebiotika ve formě mannanoligosacharidů MOS a fruktooligosacharidů FOS posilují střevní mikroflóru tvého chlupáče. Vláknina přispívá ke správné funkci trávicího i imunitního systému. Krmivo pro psy má oproti granulím velmi vysokou chuťovost a přirozeně vysoký obsah vody, takže tělu dodá výživu i hydrataci v jednom. Konzervy 400g jsou ideální volbou pro střední a větší plemena jako vydatné kompletní krmivo na každý den. Vyrobeno s láskou kousek od Brna. *Otevřená konzerva vydrží v lednici až 48 hodin.;dog food;Animals & Pet Supplies > Pet Supplies > Dog Supplies > Dog Food;LOUIE;dog;bundle;multipack;500_plus;discount_50_plus
57244581658889;Kuřecí s cuketou a prebiotiky | 16 ks | 200 g | balíček pro psy;Balíček pro psy: Kuřecí s cuketou a prebiotiky. Kuřecí maso zná každý pes. Nicméně tahle konzerva nabídne tvému chlupáči trochu víc. Každá z šestnácti konzerv LOUIE po 200g obsahuje 95 % kuřecího masa v pevné složce, včetně změkčených kuřecích kostí, které jsou přirozeným zdrojem vápníku a fosforu rovnou v přirozeném poměru. Zbývajících 5 % tvoří rostlinné složky, vitamíny a minerály. Žádné konzervanty, žádná zbytečná chemie. Přidaná cuketa je lehce stravitelná a šetrná k chlupáčovu bříšku. Krmivo pro psy má oproti granulím velmi vysokou chuťovost a přirozeně vysoký obsah vody, takže tělu tvého dodá výživu i hydrataci v jednom. Vhodné pro psy každého věku i plemene. Konzervy 200g jsou ideální volbou pro malá a střední plemena nebo jako praktický společník na cesty. Vyrobeno s láskou kousek od Brna. *Otevřená konzerva vydrží v lednici až 48 hodin.;dog food;Animals & Pet Supplies > Pet Supplies > Dog Supplies > Dog Food;LOUIE;dog;bundle;multipack;500_plus;discount_50_plus
57244601352457;Hovězí s mrkví | 16 ks | 200 g | balíček pro psy;Balíček pro psy: Hovězí s mrkví. Hovězí maso patří mezi klasiku, kterou psi milují. Každá z šestnácti konzerv LOUIE po 200g obsahuje 95 % hovězího masa v pevné složce a 5 % rostlinných složek, vitamínů a minerálů. Žádné obilniny, žádné konzervanty, žádná zbytečná chemie. Mrkev obsažená v každé konzervě dodává tělu potřebné vitamíny a vlákninu, které přirozeně podporují správnou funkci zažívání. Krmivo pro psy má oproti granulím velmi vysokou chuťovost a přirozeně vysoký obsah vody, takže tělu dodá výživu i hydrataci v jednom. Přesně to, co tvůj chlupáč potřebuje každý den. Konzervy 200g jsou ideální volbou pro malá a střední plemena nebo jako praktický společník na cesty. Vyrobeno s láskou kousek od Brna. *Otevřená konzerva vydrží v lednici až 48 hodin.;dog food;Animals & Pet Supplies > Pet Supplies > Dog Supplies > Dog Food;LOUIE;dog;bundle;multipack;500_plus;discount_1_49
57244998205705;Krůtí s rýží a prebiotiky | 16 ks | 200 g | balíček pro psy;Balíček pro psy: Krůtí s rýží a prebiotiky. Víš, co mají společného krůta a rýže? Dohromady tvoří krmivo, které tvůj chlupáč bude milovat. Každá z šestnáct konzerv LOUIE po 200g obsahuje 95 % krůtího masa v pevné složce a 5 % rostlinných složek, vitamínů a minerálů. Žádné konzervanty, žádná zbytečná chemie. Rýže je lehce stravitelná a šetrná k chlupáčovu bříšku, takže je tato kombinace vhodná pro psy každého věku i plemene. Krmivo má navíc oproti granulím velmi vysokou chuťovost a přirozeně vysoký obsah vody, takže tělu tvého pejska dodáš výživu i hydrataci v jednom. Konzervy 200g jsou ideální volbou pro malá a střední plemena nebo jako praktický společník na cesty. Vyrobeno s láskou kousek od Brna. *Otevřená konzerva vydrží v lednici až 48 hodin.;dog food;Animals & Pet Supplies > Pet Supplies > Dog Supplies > Dog Food;LOUIE;dog;bundle;multipack;500_plus;discount_50_plus
